CREATE TABLE IF NOT EXISTS "__EFMigrationsHistory" (
    migration_id character varying(150) NOT NULL,
    product_version character varying(32) NOT NULL,
    CONSTRAINT pk___ef_migrations_history PRIMARY KEY (migration_id)
);

START TRANSACTION;

CREATE TABLE increment_frequencies (
    increment_frequency_id integer GENERATED BY DEFAULT AS IDENTITY,
    frequency text NULL,
    created_by_user_id integer NULL,
    created_at timestamp with time zone NOT NULL,
    updated_by_user_id integer NULL,
    updated_at timestamp with time zone NOT NULL,
    CONSTRAINT pk_increment_frequencies PRIMARY KEY (increment_frequency_id)
);

CREATE TABLE program_details (
    program_detail_id integer GENERATED BY DEFAULT AS IDENTITY,
    sequence_num integer NOT NULL,
    cycle_day_num integer NOT NULL,
    created_by_user_id integer NULL,
    created_at timestamp with time zone NOT NULL,
    updated_by_user_id integer NULL,
    updated_at timestamp with time zone NOT NULL,
    program_id integer NOT NULL,
    workout_id integer NOT NULL,
    CONSTRAINT pk_program_details PRIMARY KEY (program_detail_id)
);

CREATE TABLE programs (
    program_id integer GENERATED BY DEFAULT AS IDENTITY,
    program_name text NULL,
    total_cycle_days integer NOT NULL,
    created_by_user_id integer NULL,
    created_at timestamp with time zone NOT NULL,
    updated_by_user_id integer NULL,
    updated_at timestamp with time zone NOT NULL,
    CONSTRAINT pk_programs PRIMARY KEY (program_id)
);

CREATE TABLE users (
    user_id integer GENERATED BY DEFAULT AS IDENTITY,
    uuid uuid NOT NULL,
    first_name text NULL,
    last_name text NULL,
    date_of_birth timestamp with time zone NOT NULL,
    email text NULL,
    program_run integer NOT NULL,
    created_by_id integer NOT NULL,
    created_at timestamp with time zone NOT NULL,
    updated_by_id integer NOT NULL,
    updated_at timestamp with time zone NOT NULL,
    program_id integer NOT NULL,
    workout_id integer NOT NULL,
    CONSTRAINT pk_users PRIMARY KEY (user_id),
    CONSTRAINT fk_users_programs_program_id FOREIGN KEY (program_id) REFERENCES programs (program_id) ON DELETE CASCADE,
    CONSTRAINT fk_users_users_created_by_id FOREIGN KEY (created_by_id) REFERENCES users (user_id) ON DELETE CASCADE,
    CONSTRAINT fk_users_users_updated_by_id FOREIGN KEY (updated_by_id) REFERENCES users (user_id) ON DELETE CASCADE
);

CREATE TABLE workouts (
    workout_id integer GENERATED BY DEFAULT AS IDENTITY,
    image_object_id uuid NOT NULL,
    workout_name text NULL,
    created_by_user_id integer NULL,
    created_at timestamp with time zone NOT NULL,
    updated_by_user_id integer NULL,
    updated_at timestamp with time zone NOT NULL,
    CONSTRAINT pk_workouts PRIMARY KEY (workout_id),
    CONSTRAINT fk_workouts_users_created_by_user_id FOREIGN KEY (created_by_user_id) REFERENCES users (user_id),
    CONSTRAINT fk_workouts_users_updated_by_user_id FOREIGN KEY (updated_by_user_id) REFERENCES users (user_id)
);

CREATE TABLE workout_exercises (
    workout_exercise_id integer GENERATED BY DEFAULT AS IDENTITY,
    sequence_num integer NOT NULL,
    exercise text NULL,
    created_by_user_id integer NULL,
    created_at timestamp with time zone NOT NULL,
    updated_by_user_id integer NULL,
    updated_at timestamp with time zone NOT NULL,
    workout_id integer NOT NULL,
    CONSTRAINT pk_workout_exercises PRIMARY KEY (workout_exercise_id),
    CONSTRAINT fk_workout_exercises_users_created_by_user_id FOREIGN KEY (created_by_user_id) REFERENCES users (user_id),
    CONSTRAINT fk_workout_exercises_users_updated_by_user_id FOREIGN KEY (updated_by_user_id) REFERENCES users (user_id),
    CONSTRAINT fk_workout_exercises_workouts_workout_id FOREIGN KEY (workout_id) REFERENCES workouts (workout_id) ON DELETE CASCADE
);

CREATE TABLE workout_exercise_details (
    workout_exercise_detail_id integer GENERATED BY DEFAULT AS IDENTITY,
    set integer NOT NULL,
    reps integer NOT NULL,
    weight integer NOT NULL,
    set_duration integer NOT NULL,
    set_rest_duration integer NOT NULL,
    max_reps integer NOT NULL,
    max_weight integer NOT NULL,
    max_set_duration integer NOT NULL,
    reps_increment_amount integer NOT NULL,
    weight_increment_amount integer NOT NULL,
    set_duration_increment_amount integer NOT NULL,
    reps_increment_frequency_increment_frequency_id integer NULL,
    weight_increment_frequency_increment_frequency_id integer NULL,
    set_duration_increment_frequency_increment_frequency_id integer NULL,
    exercise text NULL,
    created_by_user_id integer NULL,
    created_at timestamp with time zone NOT NULL,
    updated_by_user_id integer NULL,
    updated_at timestamp with time zone NOT NULL,
    workout_exercise_id integer NOT NULL,
    CONSTRAINT pk_workout_exercise_details PRIMARY KEY (workout_exercise_detail_id),
    CONSTRAINT fk_workout_exercise_details_increment_frequencies_reps_increme FOREIGN KEY (reps_increment_frequency_increment_frequency_id) REFERENCES increment_frequencies (increment_frequency_id),
    CONSTRAINT fk_workout_exercise_details_increment_frequencies_set_duration FOREIGN KEY (set_duration_increment_frequency_increment_frequency_id) REFERENCES increment_frequencies (increment_frequency_id),
    CONSTRAINT fk_workout_exercise_details_increment_frequencies_weight_incre FOREIGN KEY (weight_increment_frequency_increment_frequency_id) REFERENCES increment_frequencies (increment_frequency_id),
    CONSTRAINT fk_workout_exercise_details_users_created_by_user_id FOREIGN KEY (created_by_user_id) REFERENCES users (user_id),
    CONSTRAINT fk_workout_exercise_details_users_updated_by_user_id FOREIGN KEY (updated_by_user_id) REFERENCES users (user_id),
    CONSTRAINT fk_workout_exercise_details_workout_exercises_workout_exercise FOREIGN KEY (workout_exercise_id) REFERENCES workout_exercises (workout_exercise_id) ON DELETE CASCADE
);

CREATE INDEX ix_increment_frequencies_created_by_user_id ON increment_frequencies (created_by_user_id);

CREATE UNIQUE INDEX ix_increment_frequencies_frequency ON increment_frequencies (frequency);

CREATE INDEX ix_increment_frequencies_updated_by_user_id ON increment_frequencies (updated_by_user_id);

CREATE INDEX ix_program_details_created_by_user_id ON program_details (created_by_user_id);

CREATE UNIQUE INDEX ix_program_details_program_id_workout_id ON program_details (program_id, workout_id);

CREATE INDEX ix_program_details_updated_by_user_id ON program_details (updated_by_user_id);

CREATE INDEX ix_program_details_workout_id ON program_details (workout_id);

CREATE INDEX ix_programs_created_by_user_id ON programs (created_by_user_id);

CREATE UNIQUE INDEX ix_programs_program_name ON programs (program_name);

CREATE INDEX ix_programs_updated_by_user_id ON programs (updated_by_user_id);

CREATE INDEX ix_users_created_by_id ON users (created_by_id);

CREATE INDEX ix_users_program_id ON users (program_id);

CREATE INDEX ix_users_updated_by_id ON users (updated_by_id);

CREATE UNIQUE INDEX ix_users_user_id ON users (user_id);

CREATE INDEX ix_users_workout_id ON users (workout_id);

CREATE INDEX ix_workout_exercise_details_created_by_user_id ON workout_exercise_details (created_by_user_id);

CREATE INDEX ix_workout_exercise_details_reps_increment_frequency_increment ON workout_exercise_details (reps_increment_frequency_increment_frequency_id);

CREATE INDEX ix_workout_exercise_details_set_duration_increment_frequency_i ON workout_exercise_details (set_duration_increment_frequency_increment_frequency_id);

CREATE INDEX ix_workout_exercise_details_updated_by_user_id ON workout_exercise_details (updated_by_user_id);

CREATE INDEX ix_workout_exercise_details_weight_increment_frequency_increme ON workout_exercise_details (weight_increment_frequency_increment_frequency_id);

CREATE UNIQUE INDEX ix_workout_exercise_details_workout_exercise_id_set ON workout_exercise_details (workout_exercise_id, set);

CREATE INDEX ix_workout_exercises_created_by_user_id ON workout_exercises (created_by_user_id);

CREATE INDEX ix_workout_exercises_updated_by_user_id ON workout_exercises (updated_by_user_id);

CREATE UNIQUE INDEX ix_workout_exercises_workout_id_exercise ON workout_exercises (workout_id, exercise);

CREATE INDEX ix_workouts_created_by_user_id ON workouts (created_by_user_id);

CREATE INDEX ix_workouts_updated_by_user_id ON workouts (updated_by_user_id);

CREATE UNIQUE INDEX ix_workouts_workout_name ON workouts (workout_name);

ALTER TABLE increment_frequencies ADD CONSTRAINT fk_increment_frequencies_users_created_by_user_id FOREIGN KEY (created_by_user_id) REFERENCES users (user_id);

ALTER TABLE increment_frequencies ADD CONSTRAINT fk_increment_frequencies_users_updated_by_user_id FOREIGN KEY (updated_by_user_id) REFERENCES users (user_id);

ALTER TABLE program_details ADD CONSTRAINT fk_program_details_programs_program_id FOREIGN KEY (program_id) REFERENCES programs (program_id) ON DELETE CASCADE;

ALTER TABLE program_details ADD CONSTRAINT fk_program_details_users_created_by_user_id FOREIGN KEY (created_by_user_id) REFERENCES users (user_id);

ALTER TABLE program_details ADD CONSTRAINT fk_program_details_users_updated_by_user_id FOREIGN KEY (updated_by_user_id) REFERENCES users (user_id);

ALTER TABLE program_details ADD CONSTRAINT fk_program_details_workouts_workout_id FOREIGN KEY (workout_id) REFERENCES workouts (workout_id) ON DELETE CASCADE;

ALTER TABLE programs ADD CONSTRAINT fk_programs_users_created_by_user_id FOREIGN KEY (created_by_user_id) REFERENCES users (user_id);

ALTER TABLE programs ADD CONSTRAINT fk_programs_users_updated_by_user_id FOREIGN KEY (updated_by_user_id) REFERENCES users (user_id);

ALTER TABLE users ADD CONSTRAINT fk_users_workouts_workout_id FOREIGN KEY (workout_id) REFERENCES workouts (workout_id) ON DELETE CASCADE;

INSERT INTO "__EFMigrationsHistory" (migration_id, product_version)
VALUES ('20220430152758_InitModel', '6.0.4');

COMMIT;

START TRANSACTION;

ALTER TABLE users DROP CONSTRAINT fk_users_programs_program_id;

ALTER TABLE users DROP CONSTRAINT fk_users_workouts_workout_id;

ALTER TABLE users ALTER COLUMN workout_id DROP NOT NULL;

ALTER TABLE users ALTER COLUMN program_id DROP NOT NULL;

ALTER TABLE users ADD CONSTRAINT fk_users_programs_program_id FOREIGN KEY (program_id) REFERENCES programs (program_id);

ALTER TABLE users ADD CONSTRAINT fk_users_workouts_workout_id FOREIGN KEY (workout_id) REFERENCES workouts (workout_id);

INSERT INTO "__EFMigrationsHistory" (migration_id, product_version)
VALUES ('20220430164857_UpdateUserProgramRelationship', '6.0.4');

COMMIT;

START TRANSACTION;

ALTER TABLE users DROP CONSTRAINT fk_users_users_created_by_id;

ALTER TABLE users DROP CONSTRAINT fk_users_users_updated_by_id;

ALTER TABLE users ALTER COLUMN updated_by_id DROP NOT NULL;

ALTER TABLE users ALTER COLUMN created_by_id DROP NOT NULL;

ALTER TABLE users ADD CONSTRAINT fk_users_users_created_by_id FOREIGN KEY (created_by_id) REFERENCES users (user_id);

ALTER TABLE users ADD CONSTRAINT fk_users_users_updated_by_id FOREIGN KEY (updated_by_id) REFERENCES users (user_id);

INSERT INTO "__EFMigrationsHistory" (migration_id, product_version)
VALUES ('20220430165033_UpdateUserUserRelationship', '6.0.4');

COMMIT;

START TRANSACTION;

ALTER TABLE increment_frequencies DROP CONSTRAINT fk_increment_frequencies_users_created_by_user_id;

ALTER TABLE increment_frequencies DROP CONSTRAINT fk_increment_frequencies_users_updated_by_user_id;

ALTER TABLE program_details DROP CONSTRAINT fk_program_details_users_created_by_user_id;

ALTER TABLE program_details DROP CONSTRAINT fk_program_details_users_updated_by_user_id;

ALTER TABLE programs DROP CONSTRAINT fk_programs_users_created_by_user_id;

ALTER TABLE programs DROP CONSTRAINT fk_programs_users_updated_by_user_id;

ALTER TABLE workout_exercise_details DROP CONSTRAINT fk_workout_exercise_details_users_created_by_user_id;

ALTER TABLE workout_exercise_details DROP CONSTRAINT fk_workout_exercise_details_users_updated_by_user_id;

ALTER TABLE workout_exercises DROP CONSTRAINT fk_workout_exercises_users_created_by_user_id;

ALTER TABLE workout_exercises DROP CONSTRAINT fk_workout_exercises_users_updated_by_user_id;

ALTER TABLE workouts DROP CONSTRAINT fk_workouts_users_created_by_user_id;

ALTER TABLE workouts DROP CONSTRAINT fk_workouts_users_updated_by_user_id;

ALTER TABLE workouts RENAME COLUMN updated_by_user_id TO updated_by_id;

ALTER TABLE workouts RENAME COLUMN created_by_user_id TO created_by_id;

ALTER INDEX ix_workouts_updated_by_user_id RENAME TO ix_workouts_updated_by_id;

ALTER INDEX ix_workouts_created_by_user_id RENAME TO ix_workouts_created_by_id;

ALTER TABLE workout_exercises RENAME COLUMN updated_by_user_id TO updated_by_id;

ALTER TABLE workout_exercises RENAME COLUMN created_by_user_id TO created_by_id;

ALTER INDEX ix_workout_exercises_updated_by_user_id RENAME TO ix_workout_exercises_updated_by_id;

ALTER INDEX ix_workout_exercises_created_by_user_id RENAME TO ix_workout_exercises_created_by_id;

ALTER TABLE workout_exercise_details RENAME COLUMN updated_by_user_id TO updated_by_id;

ALTER TABLE workout_exercise_details RENAME COLUMN created_by_user_id TO created_by_id;

ALTER INDEX ix_workout_exercise_details_updated_by_user_id RENAME TO ix_workout_exercise_details_updated_by_id;

ALTER INDEX ix_workout_exercise_details_created_by_user_id RENAME TO ix_workout_exercise_details_created_by_id;

ALTER TABLE programs RENAME COLUMN updated_by_user_id TO updated_by_id;

ALTER TABLE programs RENAME COLUMN created_by_user_id TO created_by_id;

ALTER INDEX ix_programs_updated_by_user_id RENAME TO ix_programs_updated_by_id;

ALTER INDEX ix_programs_created_by_user_id RENAME TO ix_programs_created_by_id;

ALTER TABLE program_details RENAME COLUMN updated_by_user_id TO updated_by_id;

ALTER TABLE program_details RENAME COLUMN created_by_user_id TO created_by_id;

ALTER INDEX ix_program_details_updated_by_user_id RENAME TO ix_program_details_updated_by_id;

ALTER INDEX ix_program_details_created_by_user_id RENAME TO ix_program_details_created_by_id;

ALTER TABLE increment_frequencies RENAME COLUMN updated_by_user_id TO updated_by_id;

ALTER TABLE increment_frequencies RENAME COLUMN created_by_user_id TO created_by_id;

ALTER INDEX ix_increment_frequencies_updated_by_user_id RENAME TO ix_increment_frequencies_updated_by_id;

ALTER INDEX ix_increment_frequencies_created_by_user_id RENAME TO ix_increment_frequencies_created_by_id;

ALTER TABLE increment_frequencies ADD CONSTRAINT fk_increment_frequencies_users_created_by_id FOREIGN KEY (created_by_id) REFERENCES users (user_id);

ALTER TABLE increment_frequencies ADD CONSTRAINT fk_increment_frequencies_users_updated_by_id FOREIGN KEY (updated_by_id) REFERENCES users (user_id);

ALTER TABLE program_details ADD CONSTRAINT fk_program_details_users_created_by_id FOREIGN KEY (created_by_id) REFERENCES users (user_id);

ALTER TABLE program_details ADD CONSTRAINT fk_program_details_users_updated_by_id FOREIGN KEY (updated_by_id) REFERENCES users (user_id);

ALTER TABLE programs ADD CONSTRAINT fk_programs_users_created_by_id FOREIGN KEY (created_by_id) REFERENCES users (user_id);

ALTER TABLE programs ADD CONSTRAINT fk_programs_users_updated_by_id FOREIGN KEY (updated_by_id) REFERENCES users (user_id);

ALTER TABLE workout_exercise_details ADD CONSTRAINT fk_workout_exercise_details_users_created_by_id FOREIGN KEY (created_by_id) REFERENCES users (user_id);

ALTER TABLE workout_exercise_details ADD CONSTRAINT fk_workout_exercise_details_users_updated_by_id FOREIGN KEY (updated_by_id) REFERENCES users (user_id);

ALTER TABLE workout_exercises ADD CONSTRAINT fk_workout_exercises_users_created_by_id FOREIGN KEY (created_by_id) REFERENCES users (user_id);

ALTER TABLE workout_exercises ADD CONSTRAINT fk_workout_exercises_users_updated_by_id FOREIGN KEY (updated_by_id) REFERENCES users (user_id);

ALTER TABLE workouts ADD CONSTRAINT fk_workouts_users_created_by_id FOREIGN KEY (created_by_id) REFERENCES users (user_id);

ALTER TABLE workouts ADD CONSTRAINT fk_workouts_users_updated_by_id FOREIGN KEY (updated_by_id) REFERENCES users (user_id);

INSERT INTO "__EFMigrationsHistory" (migration_id, product_version)
VALUES ('20220430174532_AddCreatedAtUpdatedAtBaseEntity', '6.0.4');

COMMIT;

START TRANSACTION;

INSERT INTO "__EFMigrationsHistory" (migration_id, product_version)
VALUES ('20220430211316_UpdateDOBDataType', '6.0.4');

COMMIT;

START TRANSACTION;

DROP INDEX ix_users_user_id;

CREATE UNIQUE INDEX ix_users_user_id_uuid ON users (user_id, uuid);

INSERT INTO "__EFMigrationsHistory" (migration_id, product_version)
VALUES ('20220430214653_AddIndexUsersUuid', '6.0.4');

COMMIT;

START TRANSACTION;

ALTER TABLE workout_exercise_details DROP CONSTRAINT fk_workout_exercise_details_increment_frequencies_reps_increme;

ALTER TABLE workout_exercise_details DROP CONSTRAINT fk_workout_exercise_details_increment_frequencies_set_duration;

ALTER TABLE workout_exercise_details DROP CONSTRAINT fk_workout_exercise_details_increment_frequencies_weight_incre;

DROP INDEX ix_workout_exercise_details_reps_increment_frequency_increment;

DROP INDEX ix_workout_exercise_details_set_duration_increment_frequency_i;

DROP INDEX ix_workout_exercise_details_weight_increment_frequency_increme;

ALTER TABLE workout_exercise_details DROP COLUMN reps_increment_frequency_increment_frequency_id;

ALTER TABLE workout_exercise_details DROP COLUMN set_duration_increment_frequency_increment_frequency_id;

ALTER TABLE workout_exercise_details DROP COLUMN weight_increment_frequency_increment_frequency_id;

ALTER TABLE workout_exercise_details ADD reps_increment_frequency_id integer NOT NULL DEFAULT 0;

ALTER TABLE workout_exercise_details ADD set_duration_increment_frequency_id integer NOT NULL DEFAULT 0;

ALTER TABLE workout_exercise_details ADD weight_increment_frequency_id integer NOT NULL DEFAULT 0;

CREATE INDEX ix_workout_exercise_details_reps_increment_frequency_id ON workout_exercise_details (reps_increment_frequency_id);

CREATE INDEX ix_workout_exercise_details_set_duration_increment_frequency_id ON workout_exercise_details (set_duration_increment_frequency_id);

CREATE INDEX ix_workout_exercise_details_weight_increment_frequency_id ON workout_exercise_details (weight_increment_frequency_id);

ALTER TABLE workout_exercise_details ADD CONSTRAINT fk_workout_exercise_details_increment_frequencies_reps_increme FOREIGN KEY (reps_increment_frequency_id) REFERENCES increment_frequencies (increment_frequency_id) ON DELETE CASCADE;

ALTER TABLE workout_exercise_details ADD CONSTRAINT fk_workout_exercise_details_increment_frequencies_set_duration FOREIGN KEY (set_duration_increment_frequency_id) REFERENCES increment_frequencies (increment_frequency_id) ON DELETE CASCADE;

ALTER TABLE workout_exercise_details ADD CONSTRAINT fk_workout_exercise_details_increment_frequencies_weight_incre FOREIGN KEY (weight_increment_frequency_id) REFERENCES increment_frequencies (increment_frequency_id) ON DELETE CASCADE;

INSERT INTO "__EFMigrationsHistory" (migration_id, product_version)
VALUES ('20220501033700_UpdateWorkoutExerciseDetailIncrementFreqIdRelationship', '6.0.4');

COMMIT;

START TRANSACTION;

ALTER TABLE workout_exercise_details DROP CONSTRAINT fk_workout_exercise_details_increment_frequencies_reps_increme;

ALTER TABLE workout_exercise_details DROP CONSTRAINT fk_workout_exercise_details_increment_frequencies_set_duration;

ALTER TABLE workout_exercise_details DROP CONSTRAINT fk_workout_exercise_details_increment_frequencies_weight_incre;

ALTER TABLE workout_exercise_details DROP COLUMN exercise;

ALTER TABLE workout_exercise_details ALTER COLUMN weight_increment_frequency_id DROP NOT NULL;

ALTER TABLE workout_exercise_details ALTER COLUMN set_duration_increment_frequency_id DROP NOT NULL;

ALTER TABLE workout_exercise_details ALTER COLUMN reps_increment_frequency_id DROP NOT NULL;

ALTER TABLE workout_exercise_details ADD CONSTRAINT fk_workout_exercise_details_increment_frequencies_reps_increme FOREIGN KEY (reps_increment_frequency_id) REFERENCES increment_frequencies (increment_frequency_id);

ALTER TABLE workout_exercise_details ADD CONSTRAINT fk_workout_exercise_details_increment_frequencies_set_duration FOREIGN KEY (set_duration_increment_frequency_id) REFERENCES increment_frequencies (increment_frequency_id);

ALTER TABLE workout_exercise_details ADD CONSTRAINT fk_workout_exercise_details_increment_frequencies_weight_incre FOREIGN KEY (weight_increment_frequency_id) REFERENCES increment_frequencies (increment_frequency_id);

INSERT INTO "__EFMigrationsHistory" (migration_id, product_version)
VALUES ('20220501040531_UpdateWorkoutExerciseDetailsIncrFreqNullable', '6.0.4');

COMMIT;

START TRANSACTION;

ALTER TABLE workouts ALTER COLUMN image_object_id DROP NOT NULL;

INSERT INTO "__EFMigrationsHistory" (migration_id, product_version)
VALUES ('20220501045615_UpdateWorkoutObjectIdNullable', '6.0.4');

COMMIT;

START TRANSACTION;

INSERT INTO users (user_id, created_at, created_by_id, date_of_birth, email, first_name, last_name, program_id, program_run, updated_at, updated_by_id, uuid, workout_id)
VALUES (1, TIMESTAMPTZ '2022-05-01 08:04:24.916136Z', 1, TIMESTAMPTZ '1994-02-03 00:00:00Z', 'admin@admin.com', 'Admin', 'Admin', NULL, 0, TIMESTAMPTZ '2022-05-01 08:04:24.916136Z', 1, 'c5726903-9238-481f-82b1-c044d13dc4fc', NULL);

INSERT INTO programs (program_id, created_at, created_by_id, program_name, total_cycle_days, updated_at, updated_by_id)
VALUES (7, TIMESTAMPTZ '2022-05-01 08:04:24.916136Z', 1, 'Simple 3x5', 4, TIMESTAMPTZ '2022-05-01 08:04:24.916136Z', 1);

INSERT INTO workouts (workout_id, created_at, created_by_id, image_object_id, updated_at, updated_by_id, workout_name)
VALUES (8, TIMESTAMPTZ '2022-05-01 08:04:24.916136Z', 1, NULL, TIMESTAMPTZ '2022-05-01 08:04:24.916136Z', 1, 'Bench Day');
INSERT INTO workouts (workout_id, created_at, created_by_id, image_object_id, updated_at, updated_by_id, workout_name)
VALUES (10, TIMESTAMPTZ '2022-05-01 08:04:24.916136Z', 1, NULL, TIMESTAMPTZ '2022-05-01 08:04:24.916136Z', 1, 'Squat Day');
INSERT INTO workouts (workout_id, created_at, created_by_id, image_object_id, updated_at, updated_by_id, workout_name)
VALUES (12, TIMESTAMPTZ '2022-05-01 08:04:24.916136Z', 1, NULL, TIMESTAMPTZ '2022-05-01 08:04:24.916136Z', 1, 'Overhead Press Day');
INSERT INTO workouts (workout_id, created_at, created_by_id, image_object_id, updated_at, updated_by_id, workout_name)
VALUES (14, TIMESTAMPTZ '2022-05-01 08:04:24.916136Z', 1, NULL, TIMESTAMPTZ '2022-05-01 08:04:24.916136Z', 1, 'Deadlift Day');

INSERT INTO program_details (program_detail_id, created_at, created_by_id, cycle_day_num, program_id, sequence_num, updated_at, updated_by_id, workout_id)
VALUES (9, TIMESTAMPTZ '2022-05-01 08:04:24.916136Z', 1, 1, 7, 0, TIMESTAMPTZ '2022-05-01 08:04:24.916136Z', 1, 8);
INSERT INTO program_details (program_detail_id, created_at, created_by_id, cycle_day_num, program_id, sequence_num, updated_at, updated_by_id, workout_id)
VALUES (11, TIMESTAMPTZ '2022-05-01 08:04:24.916136Z', 1, 2, 7, 1, TIMESTAMPTZ '2022-05-01 08:04:24.916136Z', 1, 10);
INSERT INTO program_details (program_detail_id, created_at, created_by_id, cycle_day_num, program_id, sequence_num, updated_at, updated_by_id, workout_id)
VALUES (13, TIMESTAMPTZ '2022-05-01 08:04:24.916136Z', 1, 3, 7, 2, TIMESTAMPTZ '2022-05-01 08:04:24.916136Z', 1, 12);
INSERT INTO program_details (program_detail_id, created_at, created_by_id, cycle_day_num, program_id, sequence_num, updated_at, updated_by_id, workout_id)
VALUES (15, TIMESTAMPTZ '2022-05-01 08:04:24.916136Z', 1, 4, 7, 3, TIMESTAMPTZ '2022-05-01 08:04:24.916136Z', 1, 14);

INSERT INTO workout_exercises (workout_exercise_id, created_at, created_by_id, exercise, sequence_num, updated_at, updated_by_id, workout_id)
VALUES (16, TIMESTAMPTZ '2022-05-01 08:04:24.916136Z', 1, 'Bench Press', 0, TIMESTAMPTZ '2022-05-01 08:04:24.916136Z', 1, 8);
INSERT INTO workout_exercises (workout_exercise_id, created_at, created_by_id, exercise, sequence_num, updated_at, updated_by_id, workout_id)
VALUES (17, TIMESTAMPTZ '2022-05-01 08:04:24.916136Z', 1, 'Overhead Press', 1, TIMESTAMPTZ '2022-05-01 08:04:24.916136Z', 1, 8);
INSERT INTO workout_exercises (workout_exercise_id, created_at, created_by_id, exercise, sequence_num, updated_at, updated_by_id, workout_id)
VALUES (18, TIMESTAMPTZ '2022-05-01 08:04:24.916136Z', 1, 'T-Bar Row', 2, TIMESTAMPTZ '2022-05-01 08:04:24.916136Z', 1, 8);
INSERT INTO workout_exercises (workout_exercise_id, created_at, created_by_id, exercise, sequence_num, updated_at, updated_by_id, workout_id)
VALUES (19, TIMESTAMPTZ '2022-05-01 08:04:24.916136Z', 1, 'Tricep Pushdown', 3, TIMESTAMPTZ '2022-05-01 08:04:24.916136Z', 1, 8);
INSERT INTO workout_exercises (workout_exercise_id, created_at, created_by_id, exercise, sequence_num, updated_at, updated_by_id, workout_id)
VALUES (20, TIMESTAMPTZ '2022-05-01 08:04:24.916136Z', 1, 'Dumbbell Bicep Curl', 4, TIMESTAMPTZ '2022-05-01 08:04:24.916136Z', 1, 8);
INSERT INTO workout_exercises (workout_exercise_id, created_at, created_by_id, exercise, sequence_num, updated_at, updated_by_id, workout_id)
VALUES (21, TIMESTAMPTZ '2022-05-01 08:04:24.916136Z', 1, 'Squat', 0, TIMESTAMPTZ '2022-05-01 08:04:24.916136Z', 1, 10);
INSERT INTO workout_exercises (workout_exercise_id, created_at, created_by_id, exercise, sequence_num, updated_at, updated_by_id, workout_id)
VALUES (22, TIMESTAMPTZ '2022-05-01 08:04:24.916136Z', 1, 'Romanian Deadlift', 1, TIMESTAMPTZ '2022-05-01 08:04:24.916136Z', 1, 10);
INSERT INTO workout_exercises (workout_exercise_id, created_at, created_by_id, exercise, sequence_num, updated_at, updated_by_id, workout_id)
VALUES (23, TIMESTAMPTZ '2022-05-01 08:04:24.916136Z', 1, 'Lat Pull Down', 2, TIMESTAMPTZ '2022-05-01 08:04:24.916136Z', 1, 10);
INSERT INTO workout_exercises (workout_exercise_id, created_at, created_by_id, exercise, sequence_num, updated_at, updated_by_id, workout_id)
VALUES (24, TIMESTAMPTZ '2022-05-01 08:04:24.916136Z', 1, 'Bulgarian Split Squat', 3, TIMESTAMPTZ '2022-05-01 08:04:24.916136Z', 1, 10);
INSERT INTO workout_exercises (workout_exercise_id, created_at, created_by_id, exercise, sequence_num, updated_at, updated_by_id, workout_id)
VALUES (25, TIMESTAMPTZ '2022-05-01 08:04:24.916136Z', 1, 'Jump Rope', 4, TIMESTAMPTZ '2022-05-01 08:04:24.916136Z', 1, 10);
INSERT INTO workout_exercises (workout_exercise_id, created_at, created_by_id, exercise, sequence_num, updated_at, updated_by_id, workout_id)
VALUES (26, TIMESTAMPTZ '2022-05-01 08:04:24.916136Z', 1, 'Overhead Press', 0, TIMESTAMPTZ '2022-05-01 08:04:24.916136Z', 1, 12);
INSERT INTO workout_exercises (workout_exercise_id, created_at, created_by_id, exercise, sequence_num, updated_at, updated_by_id, workout_id)
VALUES (27, TIMESTAMPTZ '2022-05-01 08:04:24.916136Z', 1, 'Incline Bench Press', 1, TIMESTAMPTZ '2022-05-01 08:04:24.916136Z', 1, 12);
INSERT INTO workout_exercises (workout_exercise_id, created_at, created_by_id, exercise, sequence_num, updated_at, updated_by_id, workout_id)
VALUES (28, TIMESTAMPTZ '2022-05-01 08:04:24.916136Z', 1, 'Barbell Row', 2, TIMESTAMPTZ '2022-05-01 08:04:24.916136Z', 1, 12);
INSERT INTO workout_exercises (workout_exercise_id, created_at, created_by_id, exercise, sequence_num, updated_at, updated_by_id, workout_id)
VALUES (29, TIMESTAMPTZ '2022-05-01 08:04:24.916136Z', 1, 'Tricep Overhead Extension', 3, TIMESTAMPTZ '2022-05-01 08:04:24.916136Z', 1, 12);
INSERT INTO workout_exercises (workout_exercise_id, created_at, created_by_id, exercise, sequence_num, updated_at, updated_by_id, workout_id)
VALUES (30, TIMESTAMPTZ '2022-05-01 08:04:24.916136Z', 1, 'Dumbbell Lat Raise', 4, TIMESTAMPTZ '2022-05-01 08:04:24.916136Z', 1, 12);
INSERT INTO workout_exercises (workout_exercise_id, created_at, created_by_id, exercise, sequence_num, updated_at, updated_by_id, workout_id)
VALUES (31, TIMESTAMPTZ '2022-05-01 08:04:24.916136Z', 1, 'Deadlift', 0, TIMESTAMPTZ '2022-05-01 08:04:24.916136Z', 1, 14);
INSERT INTO workout_exercises (workout_exercise_id, created_at, created_by_id, exercise, sequence_num, updated_at, updated_by_id, workout_id)
VALUES (32, TIMESTAMPTZ '2022-05-01 08:04:24.916136Z', 1, 'Front Squat', 1, TIMESTAMPTZ '2022-05-01 08:04:24.916136Z', 1, 14);
INSERT INTO workout_exercises (workout_exercise_id, created_at, created_by_id, exercise, sequence_num, updated_at, updated_by_id, workout_id)
VALUES (33, TIMESTAMPTZ '2022-05-01 08:04:24.916136Z', 1, 'Pull-up', 2, TIMESTAMPTZ '2022-05-01 08:04:24.916136Z', 1, 14);
INSERT INTO workout_exercises (workout_exercise_id, created_at, created_by_id, exercise, sequence_num, updated_at, updated_by_id, workout_id)
VALUES (34, TIMESTAMPTZ '2022-05-01 08:04:24.916136Z', 1, 'Glute Raise', 3, TIMESTAMPTZ '2022-05-01 08:04:24.916136Z', 1, 14);
INSERT INTO workout_exercises (workout_exercise_id, created_at, created_by_id, exercise, sequence_num, updated_at, updated_by_id, workout_id)
VALUES (35, TIMESTAMPTZ '2022-05-01 08:04:24.916136Z', 1, 'Face Pull', 4, TIMESTAMPTZ '2022-05-01 08:04:24.916136Z', 1, 14);

INSERT INTO workout_exercise_details (workout_exercise_detail_id, created_at, created_by_id, max_reps, max_set_duration, max_weight, reps, reps_increment_amount, reps_increment_frequency_id, set, set_duration, set_duration_increment_amount, set_duration_increment_frequency_id, set_rest_duration, updated_at, updated_by_id, weight, weight_increment_amount, weight_increment_frequency_id, workout_exercise_id)
VALUES (36, TIMESTAMPTZ '-infinity', NULL, 0, 0, 0, 5, 0, NULL, 1, 0, 0, NULL, 0, TIMESTAMPTZ '-infinity', NULL, 155, 0, NULL, 16);
INSERT INTO workout_exercise_details (workout_exercise_detail_id, created_at, created_by_id, max_reps, max_set_duration, max_weight, reps, reps_increment_amount, reps_increment_frequency_id, set, set_duration, set_duration_increment_amount, set_duration_increment_frequency_id, set_rest_duration, updated_at, updated_by_id, weight, weight_increment_amount, weight_increment_frequency_id, workout_exercise_id)
VALUES (37, TIMESTAMPTZ '-infinity', NULL, 0, 0, 0, 5, 0, NULL, 2, 0, 0, NULL, 0, TIMESTAMPTZ '-infinity', NULL, 155, 0, NULL, 16);
INSERT INTO workout_exercise_details (workout_exercise_detail_id, created_at, created_by_id, max_reps, max_set_duration, max_weight, reps, reps_increment_amount, reps_increment_frequency_id, set, set_duration, set_duration_increment_amount, set_duration_increment_frequency_id, set_rest_duration, updated_at, updated_by_id, weight, weight_increment_amount, weight_increment_frequency_id, workout_exercise_id)
VALUES (38, TIMESTAMPTZ '-infinity', NULL, 0, 0, 0, 5, 0, NULL, 3, 0, 0, NULL, 0, TIMESTAMPTZ '-infinity', NULL, 155, 0, NULL, 16);
INSERT INTO workout_exercise_details (workout_exercise_detail_id, created_at, created_by_id, max_reps, max_set_duration, max_weight, reps, reps_increment_amount, reps_increment_frequency_id, set, set_duration, set_duration_increment_amount, set_duration_increment_frequency_id, set_rest_duration, updated_at, updated_by_id, weight, weight_increment_amount, weight_increment_frequency_id, workout_exercise_id)
VALUES (39, TIMESTAMPTZ '-infinity', NULL, 0, 0, 0, 8, 0, NULL, 1, 0, 0, NULL, 0, TIMESTAMPTZ '-infinity', NULL, 85, 0, NULL, 17);
INSERT INTO workout_exercise_details (workout_exercise_detail_id, created_at, created_by_id, max_reps, max_set_duration, max_weight, reps, reps_increment_amount, reps_increment_frequency_id, set, set_duration, set_duration_increment_amount, set_duration_increment_frequency_id, set_rest_duration, updated_at, updated_by_id, weight, weight_increment_amount, weight_increment_frequency_id, workout_exercise_id)
VALUES (40, TIMESTAMPTZ '-infinity', NULL, 0, 0, 0, 8, 0, NULL, 2, 0, 0, NULL, 0, TIMESTAMPTZ '-infinity', NULL, 85, 0, NULL, 17);
INSERT INTO workout_exercise_details (workout_exercise_detail_id, created_at, created_by_id, max_reps, max_set_duration, max_weight, reps, reps_increment_amount, reps_increment_frequency_id, set, set_duration, set_duration_increment_amount, set_duration_increment_frequency_id, set_rest_duration, updated_at, updated_by_id, weight, weight_increment_amount, weight_increment_frequency_id, workout_exercise_id)
VALUES (41, TIMESTAMPTZ '-infinity', NULL, 0, 0, 0, 8, 0, NULL, 3, 0, 0, NULL, 0, TIMESTAMPTZ '-infinity', NULL, 85, 0, NULL, 17);
INSERT INTO workout_exercise_details (workout_exercise_detail_id, created_at, created_by_id, max_reps, max_set_duration, max_weight, reps, reps_increment_amount, reps_increment_frequency_id, set, set_duration, set_duration_increment_amount, set_duration_increment_frequency_id, set_rest_duration, updated_at, updated_by_id, weight, weight_increment_amount, weight_increment_frequency_id, workout_exercise_id)
VALUES (42, TIMESTAMPTZ '-infinity', NULL, 0, 0, 0, 8, 0, NULL, 1, 0, 0, NULL, 0, TIMESTAMPTZ '-infinity', NULL, 100, 0, NULL, 18);
INSERT INTO workout_exercise_details (workout_exercise_detail_id, created_at, created_by_id, max_reps, max_set_duration, max_weight, reps, reps_increment_amount, reps_increment_frequency_id, set, set_duration, set_duration_increment_amount, set_duration_increment_frequency_id, set_rest_duration, updated_at, updated_by_id, weight, weight_increment_amount, weight_increment_frequency_id, workout_exercise_id)
VALUES (43, TIMESTAMPTZ '-infinity', NULL, 0, 0, 0, 8, 0, NULL, 2, 0, 0, NULL, 0, TIMESTAMPTZ '-infinity', NULL, 100, 0, NULL, 18);
INSERT INTO workout_exercise_details (workout_exercise_detail_id, created_at, created_by_id, max_reps, max_set_duration, max_weight, reps, reps_increment_amount, reps_increment_frequency_id, set, set_duration, set_duration_increment_amount, set_duration_increment_frequency_id, set_rest_duration, updated_at, updated_by_id, weight, weight_increment_amount, weight_increment_frequency_id, workout_exercise_id)
VALUES (44, TIMESTAMPTZ '-infinity', NULL, 0, 0, 0, 8, 0, NULL, 3, 0, 0, NULL, 0, TIMESTAMPTZ '-infinity', NULL, 100, 0, NULL, 18);
INSERT INTO workout_exercise_details (workout_exercise_detail_id, created_at, created_by_id, max_reps, max_set_duration, max_weight, reps, reps_increment_amount, reps_increment_frequency_id, set, set_duration, set_duration_increment_amount, set_duration_increment_frequency_id, set_rest_duration, updated_at, updated_by_id, weight, weight_increment_amount, weight_increment_frequency_id, workout_exercise_id)
VALUES (45, TIMESTAMPTZ '-infinity', NULL, 0, 0, 0, 8, 0, NULL, 1, 0, 0, NULL, 0, TIMESTAMPTZ '-infinity', NULL, 35, 0, NULL, 19);
INSERT INTO workout_exercise_details (workout_exercise_detail_id, created_at, created_by_id, max_reps, max_set_duration, max_weight, reps, reps_increment_amount, reps_increment_frequency_id, set, set_duration, set_duration_increment_amount, set_duration_increment_frequency_id, set_rest_duration, updated_at, updated_by_id, weight, weight_increment_amount, weight_increment_frequency_id, workout_exercise_id)
VALUES (46, TIMESTAMPTZ '-infinity', NULL, 0, 0, 0, 8, 0, NULL, 2, 0, 0, NULL, 0, TIMESTAMPTZ '-infinity', NULL, 35, 0, NULL, 19);
INSERT INTO workout_exercise_details (workout_exercise_detail_id, created_at, created_by_id, max_reps, max_set_duration, max_weight, reps, reps_increment_amount, reps_increment_frequency_id, set, set_duration, set_duration_increment_amount, set_duration_increment_frequency_id, set_rest_duration, updated_at, updated_by_id, weight, weight_increment_amount, weight_increment_frequency_id, workout_exercise_id)
VALUES (47, TIMESTAMPTZ '-infinity', NULL, 0, 0, 0, 8, 0, NULL, 3, 0, 0, NULL, 0, TIMESTAMPTZ '-infinity', NULL, 35, 0, NULL, 19);
INSERT INTO workout_exercise_details (workout_exercise_detail_id, created_at, created_by_id, max_reps, max_set_duration, max_weight, reps, reps_increment_amount, reps_increment_frequency_id, set, set_duration, set_duration_increment_amount, set_duration_increment_frequency_id, set_rest_duration, updated_at, updated_by_id, weight, weight_increment_amount, weight_increment_frequency_id, workout_exercise_id)
VALUES (48, TIMESTAMPTZ '-infinity', NULL, 0, 0, 0, 8, 0, NULL, 1, 0, 0, NULL, 0, TIMESTAMPTZ '-infinity', NULL, 30, 0, NULL, 20);
INSERT INTO workout_exercise_details (workout_exercise_detail_id, created_at, created_by_id, max_reps, max_set_duration, max_weight, reps, reps_increment_amount, reps_increment_frequency_id, set, set_duration, set_duration_increment_amount, set_duration_increment_frequency_id, set_rest_duration, updated_at, updated_by_id, weight, weight_increment_amount, weight_increment_frequency_id, workout_exercise_id)
VALUES (49, TIMESTAMPTZ '-infinity', NULL, 0, 0, 0, 8, 0, NULL, 2, 0, 0, NULL, 0, TIMESTAMPTZ '-infinity', NULL, 30, 0, NULL, 20);
INSERT INTO workout_exercise_details (workout_exercise_detail_id, created_at, created_by_id, max_reps, max_set_duration, max_weight, reps, reps_increment_amount, reps_increment_frequency_id, set, set_duration, set_duration_increment_amount, set_duration_increment_frequency_id, set_rest_duration, updated_at, updated_by_id, weight, weight_increment_amount, weight_increment_frequency_id, workout_exercise_id)
VALUES (50, TIMESTAMPTZ '-infinity', NULL, 0, 0, 0, 8, 0, NULL, 3, 0, 0, NULL, 0, TIMESTAMPTZ '-infinity', NULL, 30, 0, NULL, 20);
INSERT INTO workout_exercise_details (workout_exercise_detail_id, created_at, created_by_id, max_reps, max_set_duration, max_weight, reps, reps_increment_amount, reps_increment_frequency_id, set, set_duration, set_duration_increment_amount, set_duration_increment_frequency_id, set_rest_duration, updated_at, updated_by_id, weight, weight_increment_amount, weight_increment_frequency_id, workout_exercise_id)
VALUES (51, TIMESTAMPTZ '-infinity', NULL, 0, 0, 0, 5, 0, NULL, 1, 0, 0, NULL, 0, TIMESTAMPTZ '-infinity', NULL, 185, 0, NULL, 21);
INSERT INTO workout_exercise_details (workout_exercise_detail_id, created_at, created_by_id, max_reps, max_set_duration, max_weight, reps, reps_increment_amount, reps_increment_frequency_id, set, set_duration, set_duration_increment_amount, set_duration_increment_frequency_id, set_rest_duration, updated_at, updated_by_id, weight, weight_increment_amount, weight_increment_frequency_id, workout_exercise_id)
VALUES (52, TIMESTAMPTZ '-infinity', NULL, 0, 0, 0, 5, 0, NULL, 2, 0, 0, NULL, 0, TIMESTAMPTZ '-infinity', NULL, 185, 0, NULL, 21);
INSERT INTO workout_exercise_details (workout_exercise_detail_id, created_at, created_by_id, max_reps, max_set_duration, max_weight, reps, reps_increment_amount, reps_increment_frequency_id, set, set_duration, set_duration_increment_amount, set_duration_increment_frequency_id, set_rest_duration, updated_at, updated_by_id, weight, weight_increment_amount, weight_increment_frequency_id, workout_exercise_id)
VALUES (53, TIMESTAMPTZ '-infinity', NULL, 0, 0, 0, 5, 0, NULL, 3, 0, 0, NULL, 0, TIMESTAMPTZ '-infinity', NULL, 185, 0, NULL, 21);
INSERT INTO workout_exercise_details (workout_exercise_detail_id, created_at, created_by_id, max_reps, max_set_duration, max_weight, reps, reps_increment_amount, reps_increment_frequency_id, set, set_duration, set_duration_increment_amount, set_duration_increment_frequency_id, set_rest_duration, updated_at, updated_by_id, weight, weight_increment_amount, weight_increment_frequency_id, workout_exercise_id)
VALUES (54, TIMESTAMPTZ '-infinity', NULL, 0, 0, 0, 8, 0, NULL, 1, 0, 0, NULL, 0, TIMESTAMPTZ '-infinity', NULL, 95, 0, NULL, 22);
INSERT INTO workout_exercise_details (workout_exercise_detail_id, created_at, created_by_id, max_reps, max_set_duration, max_weight, reps, reps_increment_amount, reps_increment_frequency_id, set, set_duration, set_duration_increment_amount, set_duration_increment_frequency_id, set_rest_duration, updated_at, updated_by_id, weight, weight_increment_amount, weight_increment_frequency_id, workout_exercise_id)
VALUES (55, TIMESTAMPTZ '-infinity', NULL, 0, 0, 0, 8, 0, NULL, 2, 0, 0, NULL, 0, TIMESTAMPTZ '-infinity', NULL, 95, 0, NULL, 22);
INSERT INTO workout_exercise_details (workout_exercise_detail_id, created_at, created_by_id, max_reps, max_set_duration, max_weight, reps, reps_increment_amount, reps_increment_frequency_id, set, set_duration, set_duration_increment_amount, set_duration_increment_frequency_id, set_rest_duration, updated_at, updated_by_id, weight, weight_increment_amount, weight_increment_frequency_id, workout_exercise_id)
VALUES (56, TIMESTAMPTZ '-infinity', NULL, 0, 0, 0, 8, 0, NULL, 3, 0, 0, NULL, 0, TIMESTAMPTZ '-infinity', NULL, 95, 0, NULL, 22);
INSERT INTO workout_exercise_details (workout_exercise_detail_id, created_at, created_by_id, max_reps, max_set_duration, max_weight, reps, reps_increment_amount, reps_increment_frequency_id, set, set_duration, set_duration_increment_amount, set_duration_increment_frequency_id, set_rest_duration, updated_at, updated_by_id, weight, weight_increment_amount, weight_increment_frequency_id, workout_exercise_id)
VALUES (57, TIMESTAMPTZ '-infinity', NULL, 0, 0, 0, 8, 0, NULL, 1, 0, 0, NULL, 0, TIMESTAMPTZ '-infinity', NULL, 40, 0, NULL, 23);
INSERT INTO workout_exercise_details (workout_exercise_detail_id, created_at, created_by_id, max_reps, max_set_duration, max_weight, reps, reps_increment_amount, reps_increment_frequency_id, set, set_duration, set_duration_increment_amount, set_duration_increment_frequency_id, set_rest_duration, updated_at, updated_by_id, weight, weight_increment_amount, weight_increment_frequency_id, workout_exercise_id)
VALUES (58, TIMESTAMPTZ '-infinity', NULL, 0, 0, 0, 8, 0, NULL, 2, 0, 0, NULL, 0, TIMESTAMPTZ '-infinity', NULL, 40, 0, NULL, 23);
INSERT INTO workout_exercise_details (workout_exercise_detail_id, created_at, created_by_id, max_reps, max_set_duration, max_weight, reps, reps_increment_amount, reps_increment_frequency_id, set, set_duration, set_duration_increment_amount, set_duration_increment_frequency_id, set_rest_duration, updated_at, updated_by_id, weight, weight_increment_amount, weight_increment_frequency_id, workout_exercise_id)
VALUES (59, TIMESTAMPTZ '-infinity', NULL, 0, 0, 0, 8, 0, NULL, 3, 0, 0, NULL, 0, TIMESTAMPTZ '-infinity', NULL, 40, 0, NULL, 23);
INSERT INTO workout_exercise_details (workout_exercise_detail_id, created_at, created_by_id, max_reps, max_set_duration, max_weight, reps, reps_increment_amount, reps_increment_frequency_id, set, set_duration, set_duration_increment_amount, set_duration_increment_frequency_id, set_rest_duration, updated_at, updated_by_id, weight, weight_increment_amount, weight_increment_frequency_id, workout_exercise_id)
VALUES (60, TIMESTAMPTZ '-infinity', NULL, 0, 0, 0, 8, 0, NULL, 1, 0, 0, NULL, 0, TIMESTAMPTZ '-infinity', NULL, 10, 0, NULL, 24);
INSERT INTO workout_exercise_details (workout_exercise_detail_id, created_at, created_by_id, max_reps, max_set_duration, max_weight, reps, reps_increment_amount, reps_increment_frequency_id, set, set_duration, set_duration_increment_amount, set_duration_increment_frequency_id, set_rest_duration, updated_at, updated_by_id, weight, weight_increment_amount, weight_increment_frequency_id, workout_exercise_id)
VALUES (61, TIMESTAMPTZ '-infinity', NULL, 0, 0, 0, 8, 0, NULL, 2, 0, 0, NULL, 0, TIMESTAMPTZ '-infinity', NULL, 10, 0, NULL, 24);
INSERT INTO workout_exercise_details (workout_exercise_detail_id, created_at, created_by_id, max_reps, max_set_duration, max_weight, reps, reps_increment_amount, reps_increment_frequency_id, set, set_duration, set_duration_increment_amount, set_duration_increment_frequency_id, set_rest_duration, updated_at, updated_by_id, weight, weight_increment_amount, weight_increment_frequency_id, workout_exercise_id)
VALUES (62, TIMESTAMPTZ '-infinity', NULL, 0, 0, 0, 8, 0, NULL, 3, 0, 0, NULL, 0, TIMESTAMPTZ '-infinity', NULL, 10, 0, NULL, 24);
INSERT INTO workout_exercise_details (workout_exercise_detail_id, created_at, created_by_id, max_reps, max_set_duration, max_weight, reps, reps_increment_amount, reps_increment_frequency_id, set, set_duration, set_duration_increment_amount, set_duration_increment_frequency_id, set_rest_duration, updated_at, updated_by_id, weight, weight_increment_amount, weight_increment_frequency_id, workout_exercise_id)
VALUES (63, TIMESTAMPTZ '-infinity', NULL, 0, 0, 0, 0, 0, NULL, 1, 30, 0, NULL, 0, TIMESTAMPTZ '-infinity', NULL, 0, 0, NULL, 25);
INSERT INTO workout_exercise_details (workout_exercise_detail_id, created_at, created_by_id, max_reps, max_set_duration, max_weight, reps, reps_increment_amount, reps_increment_frequency_id, set, set_duration, set_duration_increment_amount, set_duration_increment_frequency_id, set_rest_duration, updated_at, updated_by_id, weight, weight_increment_amount, weight_increment_frequency_id, workout_exercise_id)
VALUES (64, TIMESTAMPTZ '-infinity', NULL, 0, 0, 0, 0, 0, NULL, 2, 30, 0, NULL, 0, TIMESTAMPTZ '-infinity', NULL, 0, 0, NULL, 25);
INSERT INTO workout_exercise_details (workout_exercise_detail_id, created_at, created_by_id, max_reps, max_set_duration, max_weight, reps, reps_increment_amount, reps_increment_frequency_id, set, set_duration, set_duration_increment_amount, set_duration_increment_frequency_id, set_rest_duration, updated_at, updated_by_id, weight, weight_increment_amount, weight_increment_frequency_id, workout_exercise_id)
VALUES (65, TIMESTAMPTZ '-infinity', NULL, 0, 0, 0, 0, 0, NULL, 3, 30, 0, NULL, 0, TIMESTAMPTZ '-infinity', NULL, 0, 0, NULL, 25);
INSERT INTO workout_exercise_details (workout_exercise_detail_id, created_at, created_by_id, max_reps, max_set_duration, max_weight, reps, reps_increment_amount, reps_increment_frequency_id, set, set_duration, set_duration_increment_amount, set_duration_increment_frequency_id, set_rest_duration, updated_at, updated_by_id, weight, weight_increment_amount, weight_increment_frequency_id, workout_exercise_id)
VALUES (66, TIMESTAMPTZ '-infinity', NULL, 0, 0, 0, 5, 0, NULL, 1, 0, 0, NULL, 0, TIMESTAMPTZ '-infinity', NULL, 95, 0, NULL, 26);
INSERT INTO workout_exercise_details (workout_exercise_detail_id, created_at, created_by_id, max_reps, max_set_duration, max_weight, reps, reps_increment_amount, reps_increment_frequency_id, set, set_duration, set_duration_increment_amount, set_duration_increment_frequency_id, set_rest_duration, updated_at, updated_by_id, weight, weight_increment_amount, weight_increment_frequency_id, workout_exercise_id)
VALUES (67, TIMESTAMPTZ '-infinity', NULL, 0, 0, 0, 5, 0, NULL, 2, 0, 0, NULL, 0, TIMESTAMPTZ '-infinity', NULL, 95, 0, NULL, 26);
INSERT INTO workout_exercise_details (workout_exercise_detail_id, created_at, created_by_id, max_reps, max_set_duration, max_weight, reps, reps_increment_amount, reps_increment_frequency_id, set, set_duration, set_duration_increment_amount, set_duration_increment_frequency_id, set_rest_duration, updated_at, updated_by_id, weight, weight_increment_amount, weight_increment_frequency_id, workout_exercise_id)
VALUES (68, TIMESTAMPTZ '-infinity', NULL, 0, 0, 0, 5, 0, NULL, 3, 0, 0, NULL, 0, TIMESTAMPTZ '-infinity', NULL, 95, 0, NULL, 26);
INSERT INTO workout_exercise_details (workout_exercise_detail_id, created_at, created_by_id, max_reps, max_set_duration, max_weight, reps, reps_increment_amount, reps_increment_frequency_id, set, set_duration, set_duration_increment_amount, set_duration_increment_frequency_id, set_rest_duration, updated_at, updated_by_id, weight, weight_increment_amount, weight_increment_frequency_id, workout_exercise_id)
VALUES (69, TIMESTAMPTZ '-infinity', NULL, 0, 0, 0, 8, 0, NULL, 1, 0, 0, NULL, 0, TIMESTAMPTZ '-infinity', NULL, 85, 0, NULL, 27);
INSERT INTO workout_exercise_details (workout_exercise_detail_id, created_at, created_by_id, max_reps, max_set_duration, max_weight, reps, reps_increment_amount, reps_increment_frequency_id, set, set_duration, set_duration_increment_amount, set_duration_increment_frequency_id, set_rest_duration, updated_at, updated_by_id, weight, weight_increment_amount, weight_increment_frequency_id, workout_exercise_id)
VALUES (70, TIMESTAMPTZ '-infinity', NULL, 0, 0, 0, 8, 0, NULL, 2, 0, 0, NULL, 0, TIMESTAMPTZ '-infinity', NULL, 85, 0, NULL, 27);
INSERT INTO workout_exercise_details (workout_exercise_detail_id, created_at, created_by_id, max_reps, max_set_duration, max_weight, reps, reps_increment_amount, reps_increment_frequency_id, set, set_duration, set_duration_increment_amount, set_duration_increment_frequency_id, set_rest_duration, updated_at, updated_by_id, weight, weight_increment_amount, weight_increment_frequency_id, workout_exercise_id)
VALUES (71, TIMESTAMPTZ '-infinity', NULL, 0, 0, 0, 8, 0, NULL, 3, 0, 0, NULL, 0, TIMESTAMPTZ '-infinity', NULL, 85, 0, NULL, 27);
INSERT INTO workout_exercise_details (workout_exercise_detail_id, created_at, created_by_id, max_reps, max_set_duration, max_weight, reps, reps_increment_amount, reps_increment_frequency_id, set, set_duration, set_duration_increment_amount, set_duration_increment_frequency_id, set_rest_duration, updated_at, updated_by_id, weight, weight_increment_amount, weight_increment_frequency_id, workout_exercise_id)
VALUES (72, TIMESTAMPTZ '-infinity', NULL, 0, 0, 0, 8, 0, NULL, 1, 0, 0, NULL, 0, TIMESTAMPTZ '-infinity', NULL, 95, 0, NULL, 28);
INSERT INTO workout_exercise_details (workout_exercise_detail_id, created_at, created_by_id, max_reps, max_set_duration, max_weight, reps, reps_increment_amount, reps_increment_frequency_id, set, set_duration, set_duration_increment_amount, set_duration_increment_frequency_id, set_rest_duration, updated_at, updated_by_id, weight, weight_increment_amount, weight_increment_frequency_id, workout_exercise_id)
VALUES (73, TIMESTAMPTZ '-infinity', NULL, 0, 0, 0, 8, 0, NULL, 2, 0, 0, NULL, 0, TIMESTAMPTZ '-infinity', NULL, 95, 0, NULL, 28);
INSERT INTO workout_exercise_details (workout_exercise_detail_id, created_at, created_by_id, max_reps, max_set_duration, max_weight, reps, reps_increment_amount, reps_increment_frequency_id, set, set_duration, set_duration_increment_amount, set_duration_increment_frequency_id, set_rest_duration, updated_at, updated_by_id, weight, weight_increment_amount, weight_increment_frequency_id, workout_exercise_id)
VALUES (74, TIMESTAMPTZ '-infinity', NULL, 0, 0, 0, 8, 0, NULL, 3, 0, 0, NULL, 0, TIMESTAMPTZ '-infinity', NULL, 95, 0, NULL, 28);
INSERT INTO workout_exercise_details (workout_exercise_detail_id, created_at, created_by_id, max_reps, max_set_duration, max_weight, reps, reps_increment_amount, reps_increment_frequency_id, set, set_duration, set_duration_increment_amount, set_duration_increment_frequency_id, set_rest_duration, updated_at, updated_by_id, weight, weight_increment_amount, weight_increment_frequency_id, workout_exercise_id)
VALUES (75, TIMESTAMPTZ '-infinity', NULL, 0, 0, 0, 8, 0, NULL, 1, 0, 0, NULL, 0, TIMESTAMPTZ '-infinity', NULL, 40, 0, NULL, 29);
INSERT INTO workout_exercise_details (workout_exercise_detail_id, created_at, created_by_id, max_reps, max_set_duration, max_weight, reps, reps_increment_amount, reps_increment_frequency_id, set, set_duration, set_duration_increment_amount, set_duration_increment_frequency_id, set_rest_duration, updated_at, updated_by_id, weight, weight_increment_amount, weight_increment_frequency_id, workout_exercise_id)
VALUES (76, TIMESTAMPTZ '-infinity', NULL, 0, 0, 0, 8, 0, NULL, 2, 0, 0, NULL, 0, TIMESTAMPTZ '-infinity', NULL, 40, 0, NULL, 29);
INSERT INTO workout_exercise_details (workout_exercise_detail_id, created_at, created_by_id, max_reps, max_set_duration, max_weight, reps, reps_increment_amount, reps_increment_frequency_id, set, set_duration, set_duration_increment_amount, set_duration_increment_frequency_id, set_rest_duration, updated_at, updated_by_id, weight, weight_increment_amount, weight_increment_frequency_id, workout_exercise_id)
VALUES (77, TIMESTAMPTZ '-infinity', NULL, 0, 0, 0, 8, 0, NULL, 3, 0, 0, NULL, 0, TIMESTAMPTZ '-infinity', NULL, 40, 0, NULL, 29);
INSERT INTO workout_exercise_details (workout_exercise_detail_id, created_at, created_by_id, max_reps, max_set_duration, max_weight, reps, reps_increment_amount, reps_increment_frequency_id, set, set_duration, set_duration_increment_amount, set_duration_increment_frequency_id, set_rest_duration, updated_at, updated_by_id, weight, weight_increment_amount, weight_increment_frequency_id, workout_exercise_id)
VALUES (78, TIMESTAMPTZ '-infinity', NULL, 0, 0, 0, 8, 0, NULL, 1, 0, 0, NULL, 0, TIMESTAMPTZ '-infinity', NULL, 10, 0, NULL, 30);
INSERT INTO workout_exercise_details (workout_exercise_detail_id, created_at, created_by_id, max_reps, max_set_duration, max_weight, reps, reps_increment_amount, reps_increment_frequency_id, set, set_duration, set_duration_increment_amount, set_duration_increment_frequency_id, set_rest_duration, updated_at, updated_by_id, weight, weight_increment_amount, weight_increment_frequency_id, workout_exercise_id)
VALUES (79, TIMESTAMPTZ '-infinity', NULL, 0, 0, 0, 8, 0, NULL, 2, 0, 0, NULL, 0, TIMESTAMPTZ '-infinity', NULL, 10, 0, NULL, 30);
INSERT INTO workout_exercise_details (workout_exercise_detail_id, created_at, created_by_id, max_reps, max_set_duration, max_weight, reps, reps_increment_amount, reps_increment_frequency_id, set, set_duration, set_duration_increment_amount, set_duration_increment_frequency_id, set_rest_duration, updated_at, updated_by_id, weight, weight_increment_amount, weight_increment_frequency_id, workout_exercise_id)
VALUES (80, TIMESTAMPTZ '-infinity', NULL, 0, 0, 0, 8, 0, NULL, 3, 0, 0, NULL, 0, TIMESTAMPTZ '-infinity', NULL, 10, 0, NULL, 30);
INSERT INTO workout_exercise_details (workout_exercise_detail_id, created_at, created_by_id, max_reps, max_set_duration, max_weight, reps, reps_increment_amount, reps_increment_frequency_id, set, set_duration, set_duration_increment_amount, set_duration_increment_frequency_id, set_rest_duration, updated_at, updated_by_id, weight, weight_increment_amount, weight_increment_frequency_id, workout_exercise_id)
VALUES (81, TIMESTAMPTZ '-infinity', NULL, 0, 0, 0, 5, 0, NULL, 1, 0, 0, NULL, 0, TIMESTAMPTZ '-infinity', NULL, 225, 0, NULL, 31);
INSERT INTO workout_exercise_details (workout_exercise_detail_id, created_at, created_by_id, max_reps, max_set_duration, max_weight, reps, reps_increment_amount, reps_increment_frequency_id, set, set_duration, set_duration_increment_amount, set_duration_increment_frequency_id, set_rest_duration, updated_at, updated_by_id, weight, weight_increment_amount, weight_increment_frequency_id, workout_exercise_id)
VALUES (82, TIMESTAMPTZ '-infinity', NULL, 0, 0, 0, 5, 0, NULL, 2, 0, 0, NULL, 0, TIMESTAMPTZ '-infinity', NULL, 225, 0, NULL, 31);
INSERT INTO workout_exercise_details (workout_exercise_detail_id, created_at, created_by_id, max_reps, max_set_duration, max_weight, reps, reps_increment_amount, reps_increment_frequency_id, set, set_duration, set_duration_increment_amount, set_duration_increment_frequency_id, set_rest_duration, updated_at, updated_by_id, weight, weight_increment_amount, weight_increment_frequency_id, workout_exercise_id)
VALUES (83, TIMESTAMPTZ '-infinity', NULL, 0, 0, 0, 5, 0, NULL, 3, 0, 0, NULL, 0, TIMESTAMPTZ '-infinity', NULL, 225, 0, NULL, 31);
INSERT INTO workout_exercise_details (workout_exercise_detail_id, created_at, created_by_id, max_reps, max_set_duration, max_weight, reps, reps_increment_amount, reps_increment_frequency_id, set, set_duration, set_duration_increment_amount, set_duration_increment_frequency_id, set_rest_duration, updated_at, updated_by_id, weight, weight_increment_amount, weight_increment_frequency_id, workout_exercise_id)
VALUES (84, TIMESTAMPTZ '-infinity', NULL, 0, 0, 0, 8, 0, NULL, 1, 0, 0, NULL, 0, TIMESTAMPTZ '-infinity', NULL, 95, 0, NULL, 32);
INSERT INTO workout_exercise_details (workout_exercise_detail_id, created_at, created_by_id, max_reps, max_set_duration, max_weight, reps, reps_increment_amount, reps_increment_frequency_id, set, set_duration, set_duration_increment_amount, set_duration_increment_frequency_id, set_rest_duration, updated_at, updated_by_id, weight, weight_increment_amount, weight_increment_frequency_id, workout_exercise_id)
VALUES (85, TIMESTAMPTZ '-infinity', NULL, 0, 0, 0, 8, 0, NULL, 2, 0, 0, NULL, 0, TIMESTAMPTZ '-infinity', NULL, 95, 0, NULL, 32);
INSERT INTO workout_exercise_details (workout_exercise_detail_id, created_at, created_by_id, max_reps, max_set_duration, max_weight, reps, reps_increment_amount, reps_increment_frequency_id, set, set_duration, set_duration_increment_amount, set_duration_increment_frequency_id, set_rest_duration, updated_at, updated_by_id, weight, weight_increment_amount, weight_increment_frequency_id, workout_exercise_id)
VALUES (86, TIMESTAMPTZ '-infinity', NULL, 0, 0, 0, 8, 0, NULL, 3, 0, 0, NULL, 0, TIMESTAMPTZ '-infinity', NULL, 95, 0, NULL, 32);
INSERT INTO workout_exercise_details (workout_exercise_detail_id, created_at, created_by_id, max_reps, max_set_duration, max_weight, reps, reps_increment_amount, reps_increment_frequency_id, set, set_duration, set_duration_increment_amount, set_duration_increment_frequency_id, set_rest_duration, updated_at, updated_by_id, weight, weight_increment_amount, weight_increment_frequency_id, workout_exercise_id)
VALUES (87, TIMESTAMPTZ '-infinity', NULL, 0, 0, 0, 8, 0, NULL, 1, 0, 0, NULL, 0, TIMESTAMPTZ '-infinity', NULL, 0, 0, NULL, 33);
INSERT INTO workout_exercise_details (workout_exercise_detail_id, created_at, created_by_id, max_reps, max_set_duration, max_weight, reps, reps_increment_amount, reps_increment_frequency_id, set, set_duration, set_duration_increment_amount, set_duration_increment_frequency_id, set_rest_duration, updated_at, updated_by_id, weight, weight_increment_amount, weight_increment_frequency_id, workout_exercise_id)
VALUES (88, TIMESTAMPTZ '-infinity', NULL, 0, 0, 0, 8, 0, NULL, 2, 0, 0, NULL, 0, TIMESTAMPTZ '-infinity', NULL, 0, 0, NULL, 33);
INSERT INTO workout_exercise_details (workout_exercise_detail_id, created_at, created_by_id, max_reps, max_set_duration, max_weight, reps, reps_increment_amount, reps_increment_frequency_id, set, set_duration, set_duration_increment_amount, set_duration_increment_frequency_id, set_rest_duration, updated_at, updated_by_id, weight, weight_increment_amount, weight_increment_frequency_id, workout_exercise_id)
VALUES (89, TIMESTAMPTZ '-infinity', NULL, 0, 0, 0, 8, 0, NULL, 3, 0, 0, NULL, 0, TIMESTAMPTZ '-infinity', NULL, 0, 0, NULL, 33);
INSERT INTO workout_exercise_details (workout_exercise_detail_id, created_at, created_by_id, max_reps, max_set_duration, max_weight, reps, reps_increment_amount, reps_increment_frequency_id, set, set_duration, set_duration_increment_amount, set_duration_increment_frequency_id, set_rest_duration, updated_at, updated_by_id, weight, weight_increment_amount, weight_increment_frequency_id, workout_exercise_id)
VALUES (90, TIMESTAMPTZ '-infinity', NULL, 0, 0, 0, 8, 0, NULL, 1, 0, 0, NULL, 0, TIMESTAMPTZ '-infinity', NULL, 95, 0, NULL, 34);
INSERT INTO workout_exercise_details (workout_exercise_detail_id, created_at, created_by_id, max_reps, max_set_duration, max_weight, reps, reps_increment_amount, reps_increment_frequency_id, set, set_duration, set_duration_increment_amount, set_duration_increment_frequency_id, set_rest_duration, updated_at, updated_by_id, weight, weight_increment_amount, weight_increment_frequency_id, workout_exercise_id)
VALUES (91, TIMESTAMPTZ '-infinity', NULL, 0, 0, 0, 8, 0, NULL, 2, 0, 0, NULL, 0, TIMESTAMPTZ '-infinity', NULL, 95, 0, NULL, 34);
INSERT INTO workout_exercise_details (workout_exercise_detail_id, created_at, created_by_id, max_reps, max_set_duration, max_weight, reps, reps_increment_amount, reps_increment_frequency_id, set, set_duration, set_duration_increment_amount, set_duration_increment_frequency_id, set_rest_duration, updated_at, updated_by_id, weight, weight_increment_amount, weight_increment_frequency_id, workout_exercise_id)
VALUES (92, TIMESTAMPTZ '-infinity', NULL, 0, 0, 0, 8, 0, NULL, 3, 0, 0, NULL, 0, TIMESTAMPTZ '-infinity', NULL, 95, 0, NULL, 34);
INSERT INTO workout_exercise_details (workout_exercise_detail_id, created_at, created_by_id, max_reps, max_set_duration, max_weight, reps, reps_increment_amount, reps_increment_frequency_id, set, set_duration, set_duration_increment_amount, set_duration_increment_frequency_id, set_rest_duration, updated_at, updated_by_id, weight, weight_increment_amount, weight_increment_frequency_id, workout_exercise_id)
VALUES (93, TIMESTAMPTZ '-infinity', NULL, 0, 0, 0, 8, 0, NULL, 1, 0, 0, NULL, 0, TIMESTAMPTZ '-infinity', NULL, 30, 0, NULL, 35);
INSERT INTO workout_exercise_details (workout_exercise_detail_id, created_at, created_by_id, max_reps, max_set_duration, max_weight, reps, reps_increment_amount, reps_increment_frequency_id, set, set_duration, set_duration_increment_amount, set_duration_increment_frequency_id, set_rest_duration, updated_at, updated_by_id, weight, weight_increment_amount, weight_increment_frequency_id, workout_exercise_id)
VALUES (94, TIMESTAMPTZ '-infinity', NULL, 0, 0, 0, 8, 0, NULL, 2, 0, 0, NULL, 0, TIMESTAMPTZ '-infinity', NULL, 30, 0, NULL, 35);
INSERT INTO workout_exercise_details (workout_exercise_detail_id, created_at, created_by_id, max_reps, max_set_duration, max_weight, reps, reps_increment_amount, reps_increment_frequency_id, set, set_duration, set_duration_increment_amount, set_duration_increment_frequency_id, set_rest_duration, updated_at, updated_by_id, weight, weight_increment_amount, weight_increment_frequency_id, workout_exercise_id)
VALUES (95, TIMESTAMPTZ '-infinity', NULL, 0, 0, 0, 8, 0, NULL, 3, 0, 0, NULL, 0, TIMESTAMPTZ '-infinity', NULL, 30, 0, NULL, 35);

SELECT setval(
    pg_get_serial_sequence('users', 'user_id'),
    GREATEST(
        (SELECT MAX(user_id) FROM users) + 1,
        nextval(pg_get_serial_sequence('users', 'user_id'))),
    false);
SELECT setval(
    pg_get_serial_sequence('programs', 'program_id'),
    GREATEST(
        (SELECT MAX(program_id) FROM programs) + 1,
        nextval(pg_get_serial_sequence('programs', 'program_id'))),
    false);
SELECT setval(
    pg_get_serial_sequence('workouts', 'workout_id'),
    GREATEST(
        (SELECT MAX(workout_id) FROM workouts) + 1,
        nextval(pg_get_serial_sequence('workouts', 'workout_id'))),
    false);
SELECT setval(
    pg_get_serial_sequence('program_details', 'program_detail_id'),
    GREATEST(
        (SELECT MAX(program_detail_id) FROM program_details) + 1,
        nextval(pg_get_serial_sequence('program_details', 'program_detail_id'))),
    false);
SELECT setval(
    pg_get_serial_sequence('workout_exercises', 'workout_exercise_id'),
    GREATEST(
        (SELECT MAX(workout_exercise_id) FROM workout_exercises) + 1,
        nextval(pg_get_serial_sequence('workout_exercises', 'workout_exercise_id'))),
    false);
SELECT setval(
    pg_get_serial_sequence('workout_exercise_details', 'workout_exercise_detail_id'),
    GREATEST(
        (SELECT MAX(workout_exercise_detail_id) FROM workout_exercise_details) + 1,
        nextval(pg_get_serial_sequence('workout_exercise_details', 'workout_exercise_detail_id'))),
    false);

INSERT INTO "__EFMigrationsHistory" (migration_id, product_version)
VALUES ('20220501080425_AddModelSeedData', '6.0.4');

COMMIT;

START TRANSACTION;

INSERT INTO increment_frequencies (increment_frequency_id, created_at, created_by_id, frequency, updated_at, updated_by_id)
VALUES (2, TIMESTAMPTZ '2022-05-01 08:06:21.354079Z', 1, 'CYCLE_END', TIMESTAMPTZ '2022-05-01 08:06:21.354079Z', 1);
INSERT INTO increment_frequencies (increment_frequency_id, created_at, created_by_id, frequency, updated_at, updated_by_id)
VALUES (3, TIMESTAMPTZ '2022-05-01 08:06:21.354079Z', 1, 'MAX_REPS_REACHED', TIMESTAMPTZ '2022-05-01 08:06:21.354079Z', 1);
INSERT INTO increment_frequencies (increment_frequency_id, created_at, created_by_id, frequency, updated_at, updated_by_id)
VALUES (4, TIMESTAMPTZ '2022-05-01 08:06:21.354079Z', 1, 'MAX_WEIGHT_REACHED', TIMESTAMPTZ '2022-05-01 08:06:21.354079Z', 1);
INSERT INTO increment_frequencies (increment_frequency_id, created_at, created_by_id, frequency, updated_at, updated_by_id)
VALUES (5, TIMESTAMPTZ '2022-05-01 08:06:21.354079Z', 1, 'NEW_PR', TIMESTAMPTZ '2022-05-01 08:06:21.354079Z', 1);
INSERT INTO increment_frequencies (increment_frequency_id, created_at, created_by_id, frequency, updated_at, updated_by_id)
VALUES (6, TIMESTAMPTZ '2022-05-01 08:06:21.354079Z', 1, 'MAX_SET_DURATION_REACHED', TIMESTAMPTZ '2022-05-01 08:06:21.354079Z', 1);

UPDATE program_details SET created_at = TIMESTAMPTZ '2022-05-01 08:06:21.354079Z', updated_at = TIMESTAMPTZ '2022-05-01 08:06:21.354079Z'
WHERE program_detail_id = 9;

UPDATE program_details SET created_at = TIMESTAMPTZ '2022-05-01 08:06:21.354079Z', updated_at = TIMESTAMPTZ '2022-05-01 08:06:21.354079Z'
WHERE program_detail_id = 11;

UPDATE program_details SET created_at = TIMESTAMPTZ '2022-05-01 08:06:21.354079Z', updated_at = TIMESTAMPTZ '2022-05-01 08:06:21.354079Z'
WHERE program_detail_id = 13;

UPDATE program_details SET created_at = TIMESTAMPTZ '2022-05-01 08:06:21.354079Z', updated_at = TIMESTAMPTZ '2022-05-01 08:06:21.354079Z'
WHERE program_detail_id = 15;

UPDATE programs SET created_at = TIMESTAMPTZ '2022-05-01 08:06:21.354079Z', updated_at = TIMESTAMPTZ '2022-05-01 08:06:21.354079Z'
WHERE program_id = 7;

UPDATE users SET created_at = TIMESTAMPTZ '2022-05-01 08:06:21.354079Z', updated_at = TIMESTAMPTZ '2022-05-01 08:06:21.354079Z', uuid = '8a6069de-9e2e-4b0f-b5fb-36cf4df582ad'
WHERE user_id = 1;

UPDATE workout_exercises SET created_at = TIMESTAMPTZ '2022-05-01 08:06:21.354079Z', updated_at = TIMESTAMPTZ '2022-05-01 08:06:21.354079Z'
WHERE workout_exercise_id = 16;

UPDATE workout_exercises SET created_at = TIMESTAMPTZ '2022-05-01 08:06:21.354079Z', updated_at = TIMESTAMPTZ '2022-05-01 08:06:21.354079Z'
WHERE workout_exercise_id = 17;

UPDATE workout_exercises SET created_at = TIMESTAMPTZ '2022-05-01 08:06:21.354079Z', updated_at = TIMESTAMPTZ '2022-05-01 08:06:21.354079Z'
WHERE workout_exercise_id = 18;

UPDATE workout_exercises SET created_at = TIMESTAMPTZ '2022-05-01 08:06:21.354079Z', updated_at = TIMESTAMPTZ '2022-05-01 08:06:21.354079Z'
WHERE workout_exercise_id = 19;

UPDATE workout_exercises SET created_at = TIMESTAMPTZ '2022-05-01 08:06:21.354079Z', updated_at = TIMESTAMPTZ '2022-05-01 08:06:21.354079Z'
WHERE workout_exercise_id = 20;

UPDATE workout_exercises SET created_at = TIMESTAMPTZ '2022-05-01 08:06:21.354079Z', updated_at = TIMESTAMPTZ '2022-05-01 08:06:21.354079Z'
WHERE workout_exercise_id = 21;

UPDATE workout_exercises SET created_at = TIMESTAMPTZ '2022-05-01 08:06:21.354079Z', updated_at = TIMESTAMPTZ '2022-05-01 08:06:21.354079Z'
WHERE workout_exercise_id = 22;

UPDATE workout_exercises SET created_at = TIMESTAMPTZ '2022-05-01 08:06:21.354079Z', updated_at = TIMESTAMPTZ '2022-05-01 08:06:21.354079Z'
WHERE workout_exercise_id = 23;

UPDATE workout_exercises SET created_at = TIMESTAMPTZ '2022-05-01 08:06:21.354079Z', updated_at = TIMESTAMPTZ '2022-05-01 08:06:21.354079Z'
WHERE workout_exercise_id = 24;

UPDATE workout_exercises SET created_at = TIMESTAMPTZ '2022-05-01 08:06:21.354079Z', updated_at = TIMESTAMPTZ '2022-05-01 08:06:21.354079Z'
WHERE workout_exercise_id = 25;

UPDATE workout_exercises SET created_at = TIMESTAMPTZ '2022-05-01 08:06:21.354079Z', updated_at = TIMESTAMPTZ '2022-05-01 08:06:21.354079Z'
WHERE workout_exercise_id = 26;

UPDATE workout_exercises SET created_at = TIMESTAMPTZ '2022-05-01 08:06:21.354079Z', updated_at = TIMESTAMPTZ '2022-05-01 08:06:21.354079Z'
WHERE workout_exercise_id = 27;

UPDATE workout_exercises SET created_at = TIMESTAMPTZ '2022-05-01 08:06:21.354079Z', updated_at = TIMESTAMPTZ '2022-05-01 08:06:21.354079Z'
WHERE workout_exercise_id = 28;

UPDATE workout_exercises SET created_at = TIMESTAMPTZ '2022-05-01 08:06:21.354079Z', updated_at = TIMESTAMPTZ '2022-05-01 08:06:21.354079Z'
WHERE workout_exercise_id = 29;

UPDATE workout_exercises SET created_at = TIMESTAMPTZ '2022-05-01 08:06:21.354079Z', updated_at = TIMESTAMPTZ '2022-05-01 08:06:21.354079Z'
WHERE workout_exercise_id = 30;

UPDATE workout_exercises SET created_at = TIMESTAMPTZ '2022-05-01 08:06:21.354079Z', updated_at = TIMESTAMPTZ '2022-05-01 08:06:21.354079Z'
WHERE workout_exercise_id = 31;

UPDATE workout_exercises SET created_at = TIMESTAMPTZ '2022-05-01 08:06:21.354079Z', updated_at = TIMESTAMPTZ '2022-05-01 08:06:21.354079Z'
WHERE workout_exercise_id = 32;

UPDATE workout_exercises SET created_at = TIMESTAMPTZ '2022-05-01 08:06:21.354079Z', updated_at = TIMESTAMPTZ '2022-05-01 08:06:21.354079Z'
WHERE workout_exercise_id = 33;

UPDATE workout_exercises SET created_at = TIMESTAMPTZ '2022-05-01 08:06:21.354079Z', updated_at = TIMESTAMPTZ '2022-05-01 08:06:21.354079Z'
WHERE workout_exercise_id = 34;

UPDATE workout_exercises SET created_at = TIMESTAMPTZ '2022-05-01 08:06:21.354079Z', updated_at = TIMESTAMPTZ '2022-05-01 08:06:21.354079Z'
WHERE workout_exercise_id = 35;

UPDATE workouts SET created_at = TIMESTAMPTZ '2022-05-01 08:06:21.354079Z', updated_at = TIMESTAMPTZ '2022-05-01 08:06:21.354079Z'
WHERE workout_id = 8;

UPDATE workouts SET created_at = TIMESTAMPTZ '2022-05-01 08:06:21.354079Z', updated_at = TIMESTAMPTZ '2022-05-01 08:06:21.354079Z'
WHERE workout_id = 10;

UPDATE workouts SET created_at = TIMESTAMPTZ '2022-05-01 08:06:21.354079Z', updated_at = TIMESTAMPTZ '2022-05-01 08:06:21.354079Z'
WHERE workout_id = 12;

UPDATE workouts SET created_at = TIMESTAMPTZ '2022-05-01 08:06:21.354079Z', updated_at = TIMESTAMPTZ '2022-05-01 08:06:21.354079Z'
WHERE workout_id = 14;

SELECT setval(
    pg_get_serial_sequence('increment_frequencies', 'increment_frequency_id'),
    GREATEST(
        (SELECT MAX(increment_frequency_id) FROM increment_frequencies) + 1,
        nextval(pg_get_serial_sequence('increment_frequencies', 'increment_frequency_id'))),
    false);

INSERT INTO "__EFMigrationsHistory" (migration_id, product_version)
VALUES ('20220501080621_AddIncrementFrequenciesSeedData', '6.0.4');

COMMIT;

START TRANSACTION;

UPDATE increment_frequencies SET created_at = TIMESTAMPTZ '2022-05-01 08:09:29.062367Z', updated_at = TIMESTAMPTZ '2022-05-01 08:09:29.062367Z'
WHERE increment_frequency_id = 2;

UPDATE increment_frequencies SET created_at = TIMESTAMPTZ '2022-05-01 08:09:29.062367Z', updated_at = TIMESTAMPTZ '2022-05-01 08:09:29.062367Z'
WHERE increment_frequency_id = 3;

UPDATE increment_frequencies SET created_at = TIMESTAMPTZ '2022-05-01 08:09:29.062367Z', updated_at = TIMESTAMPTZ '2022-05-01 08:09:29.062367Z'
WHERE increment_frequency_id = 4;

UPDATE increment_frequencies SET created_at = TIMESTAMPTZ '2022-05-01 08:09:29.062367Z', updated_at = TIMESTAMPTZ '2022-05-01 08:09:29.062367Z'
WHERE increment_frequency_id = 5;

UPDATE increment_frequencies SET created_at = TIMESTAMPTZ '2022-05-01 08:09:29.062367Z', updated_at = TIMESTAMPTZ '2022-05-01 08:09:29.062367Z'
WHERE increment_frequency_id = 6;

UPDATE program_details SET created_at = TIMESTAMPTZ '2022-05-01 08:09:29.062367Z', updated_at = TIMESTAMPTZ '2022-05-01 08:09:29.062367Z'
WHERE program_detail_id = 9;

UPDATE program_details SET created_at = TIMESTAMPTZ '2022-05-01 08:09:29.062367Z', updated_at = TIMESTAMPTZ '2022-05-01 08:09:29.062367Z'
WHERE program_detail_id = 11;

UPDATE program_details SET created_at = TIMESTAMPTZ '2022-05-01 08:09:29.062367Z', updated_at = TIMESTAMPTZ '2022-05-01 08:09:29.062367Z'
WHERE program_detail_id = 13;

UPDATE program_details SET created_at = TIMESTAMPTZ '2022-05-01 08:09:29.062367Z', updated_at = TIMESTAMPTZ '2022-05-01 08:09:29.062367Z'
WHERE program_detail_id = 15;

UPDATE programs SET created_at = TIMESTAMPTZ '2022-05-01 08:09:29.062367Z', updated_at = TIMESTAMPTZ '2022-05-01 08:09:29.062367Z'
WHERE program_id = 7;

UPDATE users SET created_at = TIMESTAMPTZ '2022-05-01 08:09:29.062367Z', updated_at = TIMESTAMPTZ '2022-05-01 08:09:29.062367Z', uuid = '29ed5754-b19a-41fb-a902-6503717850ad'
WHERE user_id = 1;

UPDATE workout_exercise_details SET created_at = TIMESTAMPTZ '2022-05-01 08:09:29.062367Z', created_by_id = 1, updated_at = TIMESTAMPTZ '2022-05-01 08:09:29.062367Z', updated_by_id = 1
WHERE workout_exercise_detail_id = 36;

UPDATE workout_exercise_details SET created_at = TIMESTAMPTZ '2022-05-01 08:09:29.062367Z', created_by_id = 1, updated_at = TIMESTAMPTZ '2022-05-01 08:09:29.062367Z', updated_by_id = 1
WHERE workout_exercise_detail_id = 37;

UPDATE workout_exercise_details SET created_at = TIMESTAMPTZ '2022-05-01 08:09:29.062367Z', created_by_id = 1, updated_at = TIMESTAMPTZ '2022-05-01 08:09:29.062367Z', updated_by_id = 1
WHERE workout_exercise_detail_id = 38;

UPDATE workout_exercise_details SET created_at = TIMESTAMPTZ '2022-05-01 08:09:29.062367Z', created_by_id = 1, updated_at = TIMESTAMPTZ '2022-05-01 08:09:29.062367Z', updated_by_id = 1
WHERE workout_exercise_detail_id = 39;

UPDATE workout_exercise_details SET created_at = TIMESTAMPTZ '2022-05-01 08:09:29.062367Z', created_by_id = 1, updated_at = TIMESTAMPTZ '2022-05-01 08:09:29.062367Z', updated_by_id = 1
WHERE workout_exercise_detail_id = 40;

UPDATE workout_exercise_details SET created_at = TIMESTAMPTZ '2022-05-01 08:09:29.062367Z', created_by_id = 1, updated_at = TIMESTAMPTZ '2022-05-01 08:09:29.062367Z', updated_by_id = 1
WHERE workout_exercise_detail_id = 41;

UPDATE workout_exercise_details SET created_at = TIMESTAMPTZ '2022-05-01 08:09:29.062367Z', created_by_id = 1, updated_at = TIMESTAMPTZ '2022-05-01 08:09:29.062367Z', updated_by_id = 1
WHERE workout_exercise_detail_id = 42;

UPDATE workout_exercise_details SET created_at = TIMESTAMPTZ '2022-05-01 08:09:29.062367Z', created_by_id = 1, updated_at = TIMESTAMPTZ '2022-05-01 08:09:29.062367Z', updated_by_id = 1
WHERE workout_exercise_detail_id = 43;

UPDATE workout_exercise_details SET created_at = TIMESTAMPTZ '2022-05-01 08:09:29.062367Z', created_by_id = 1, updated_at = TIMESTAMPTZ '2022-05-01 08:09:29.062367Z', updated_by_id = 1
WHERE workout_exercise_detail_id = 44;

UPDATE workout_exercise_details SET created_at = TIMESTAMPTZ '2022-05-01 08:09:29.062367Z', created_by_id = 1, updated_at = TIMESTAMPTZ '2022-05-01 08:09:29.062367Z', updated_by_id = 1
WHERE workout_exercise_detail_id = 45;

UPDATE workout_exercise_details SET created_at = TIMESTAMPTZ '2022-05-01 08:09:29.062367Z', created_by_id = 1, updated_at = TIMESTAMPTZ '2022-05-01 08:09:29.062367Z', updated_by_id = 1
WHERE workout_exercise_detail_id = 46;

UPDATE workout_exercise_details SET created_at = TIMESTAMPTZ '2022-05-01 08:09:29.062367Z', created_by_id = 1, updated_at = TIMESTAMPTZ '2022-05-01 08:09:29.062367Z', updated_by_id = 1
WHERE workout_exercise_detail_id = 47;

UPDATE workout_exercise_details SET created_at = TIMESTAMPTZ '2022-05-01 08:09:29.062367Z', created_by_id = 1, updated_at = TIMESTAMPTZ '2022-05-01 08:09:29.062367Z', updated_by_id = 1
WHERE workout_exercise_detail_id = 48;

UPDATE workout_exercise_details SET created_at = TIMESTAMPTZ '2022-05-01 08:09:29.062367Z', created_by_id = 1, updated_at = TIMESTAMPTZ '2022-05-01 08:09:29.062367Z', updated_by_id = 1
WHERE workout_exercise_detail_id = 49;

UPDATE workout_exercise_details SET created_at = TIMESTAMPTZ '2022-05-01 08:09:29.062367Z', created_by_id = 1, updated_at = TIMESTAMPTZ '2022-05-01 08:09:29.062367Z', updated_by_id = 1
WHERE workout_exercise_detail_id = 50;

UPDATE workout_exercise_details SET created_at = TIMESTAMPTZ '2022-05-01 08:09:29.062367Z', created_by_id = 1, updated_at = TIMESTAMPTZ '2022-05-01 08:09:29.062367Z', updated_by_id = 1
WHERE workout_exercise_detail_id = 51;

UPDATE workout_exercise_details SET created_at = TIMESTAMPTZ '2022-05-01 08:09:29.062367Z', created_by_id = 1, updated_at = TIMESTAMPTZ '2022-05-01 08:09:29.062367Z', updated_by_id = 1
WHERE workout_exercise_detail_id = 52;

UPDATE workout_exercise_details SET created_at = TIMESTAMPTZ '2022-05-01 08:09:29.062367Z', created_by_id = 1, updated_at = TIMESTAMPTZ '2022-05-01 08:09:29.062367Z', updated_by_id = 1
WHERE workout_exercise_detail_id = 53;

UPDATE workout_exercise_details SET created_at = TIMESTAMPTZ '2022-05-01 08:09:29.062367Z', created_by_id = 1, updated_at = TIMESTAMPTZ '2022-05-01 08:09:29.062367Z', updated_by_id = 1
WHERE workout_exercise_detail_id = 54;

UPDATE workout_exercise_details SET created_at = TIMESTAMPTZ '2022-05-01 08:09:29.062367Z', created_by_id = 1, updated_at = TIMESTAMPTZ '2022-05-01 08:09:29.062367Z', updated_by_id = 1
WHERE workout_exercise_detail_id = 55;

UPDATE workout_exercise_details SET created_at = TIMESTAMPTZ '2022-05-01 08:09:29.062367Z', created_by_id = 1, updated_at = TIMESTAMPTZ '2022-05-01 08:09:29.062367Z', updated_by_id = 1
WHERE workout_exercise_detail_id = 56;

UPDATE workout_exercise_details SET created_at = TIMESTAMPTZ '2022-05-01 08:09:29.062367Z', created_by_id = 1, updated_at = TIMESTAMPTZ '2022-05-01 08:09:29.062367Z', updated_by_id = 1
WHERE workout_exercise_detail_id = 57;

UPDATE workout_exercise_details SET created_at = TIMESTAMPTZ '2022-05-01 08:09:29.062367Z', created_by_id = 1, updated_at = TIMESTAMPTZ '2022-05-01 08:09:29.062367Z', updated_by_id = 1
WHERE workout_exercise_detail_id = 58;

UPDATE workout_exercise_details SET created_at = TIMESTAMPTZ '2022-05-01 08:09:29.062367Z', created_by_id = 1, updated_at = TIMESTAMPTZ '2022-05-01 08:09:29.062367Z', updated_by_id = 1
WHERE workout_exercise_detail_id = 59;

UPDATE workout_exercise_details SET created_at = TIMESTAMPTZ '2022-05-01 08:09:29.062367Z', created_by_id = 1, updated_at = TIMESTAMPTZ '2022-05-01 08:09:29.062367Z', updated_by_id = 1
WHERE workout_exercise_detail_id = 60;

UPDATE workout_exercise_details SET created_at = TIMESTAMPTZ '2022-05-01 08:09:29.062367Z', created_by_id = 1, updated_at = TIMESTAMPTZ '2022-05-01 08:09:29.062367Z', updated_by_id = 1
WHERE workout_exercise_detail_id = 61;

UPDATE workout_exercise_details SET created_at = TIMESTAMPTZ '2022-05-01 08:09:29.062367Z', created_by_id = 1, updated_at = TIMESTAMPTZ '2022-05-01 08:09:29.062367Z', updated_by_id = 1
WHERE workout_exercise_detail_id = 62;

UPDATE workout_exercise_details SET created_at = TIMESTAMPTZ '2022-05-01 08:09:29.062367Z', created_by_id = 1, updated_at = TIMESTAMPTZ '2022-05-01 08:09:29.062367Z', updated_by_id = 1
WHERE workout_exercise_detail_id = 63;

UPDATE workout_exercise_details SET created_at = TIMESTAMPTZ '2022-05-01 08:09:29.062367Z', created_by_id = 1, updated_at = TIMESTAMPTZ '2022-05-01 08:09:29.062367Z', updated_by_id = 1
WHERE workout_exercise_detail_id = 64;

UPDATE workout_exercise_details SET created_at = TIMESTAMPTZ '2022-05-01 08:09:29.062367Z', created_by_id = 1, updated_at = TIMESTAMPTZ '2022-05-01 08:09:29.062367Z', updated_by_id = 1
WHERE workout_exercise_detail_id = 65;

UPDATE workout_exercise_details SET created_at = TIMESTAMPTZ '2022-05-01 08:09:29.062367Z', created_by_id = 1, updated_at = TIMESTAMPTZ '2022-05-01 08:09:29.062367Z', updated_by_id = 1
WHERE workout_exercise_detail_id = 66;

UPDATE workout_exercise_details SET created_at = TIMESTAMPTZ '2022-05-01 08:09:29.062367Z', created_by_id = 1, updated_at = TIMESTAMPTZ '2022-05-01 08:09:29.062367Z', updated_by_id = 1
WHERE workout_exercise_detail_id = 67;

UPDATE workout_exercise_details SET created_at = TIMESTAMPTZ '2022-05-01 08:09:29.062367Z', created_by_id = 1, updated_at = TIMESTAMPTZ '2022-05-01 08:09:29.062367Z', updated_by_id = 1
WHERE workout_exercise_detail_id = 68;

UPDATE workout_exercise_details SET created_at = TIMESTAMPTZ '2022-05-01 08:09:29.062367Z', created_by_id = 1, updated_at = TIMESTAMPTZ '2022-05-01 08:09:29.062367Z', updated_by_id = 1
WHERE workout_exercise_detail_id = 69;

UPDATE workout_exercise_details SET created_at = TIMESTAMPTZ '2022-05-01 08:09:29.062367Z', created_by_id = 1, updated_at = TIMESTAMPTZ '2022-05-01 08:09:29.062367Z', updated_by_id = 1
WHERE workout_exercise_detail_id = 70;

UPDATE workout_exercise_details SET created_at = TIMESTAMPTZ '2022-05-01 08:09:29.062367Z', created_by_id = 1, updated_at = TIMESTAMPTZ '2022-05-01 08:09:29.062367Z', updated_by_id = 1
WHERE workout_exercise_detail_id = 71;

UPDATE workout_exercise_details SET created_at = TIMESTAMPTZ '2022-05-01 08:09:29.062367Z', created_by_id = 1, updated_at = TIMESTAMPTZ '2022-05-01 08:09:29.062367Z', updated_by_id = 1
WHERE workout_exercise_detail_id = 72;

UPDATE workout_exercise_details SET created_at = TIMESTAMPTZ '2022-05-01 08:09:29.062367Z', created_by_id = 1, updated_at = TIMESTAMPTZ '2022-05-01 08:09:29.062367Z', updated_by_id = 1
WHERE workout_exercise_detail_id = 73;

UPDATE workout_exercise_details SET created_at = TIMESTAMPTZ '2022-05-01 08:09:29.062367Z', created_by_id = 1, updated_at = TIMESTAMPTZ '2022-05-01 08:09:29.062367Z', updated_by_id = 1
WHERE workout_exercise_detail_id = 74;

UPDATE workout_exercise_details SET created_at = TIMESTAMPTZ '2022-05-01 08:09:29.062367Z', created_by_id = 1, updated_at = TIMESTAMPTZ '2022-05-01 08:09:29.062367Z', updated_by_id = 1
WHERE workout_exercise_detail_id = 75;

UPDATE workout_exercise_details SET created_at = TIMESTAMPTZ '2022-05-01 08:09:29.062367Z', created_by_id = 1, updated_at = TIMESTAMPTZ '2022-05-01 08:09:29.062367Z', updated_by_id = 1
WHERE workout_exercise_detail_id = 76;

UPDATE workout_exercise_details SET created_at = TIMESTAMPTZ '2022-05-01 08:09:29.062367Z', created_by_id = 1, updated_at = TIMESTAMPTZ '2022-05-01 08:09:29.062367Z', updated_by_id = 1
WHERE workout_exercise_detail_id = 77;

UPDATE workout_exercise_details SET created_at = TIMESTAMPTZ '2022-05-01 08:09:29.062367Z', created_by_id = 1, updated_at = TIMESTAMPTZ '2022-05-01 08:09:29.062367Z', updated_by_id = 1
WHERE workout_exercise_detail_id = 78;

UPDATE workout_exercise_details SET created_at = TIMESTAMPTZ '2022-05-01 08:09:29.062367Z', created_by_id = 1, updated_at = TIMESTAMPTZ '2022-05-01 08:09:29.062367Z', updated_by_id = 1
WHERE workout_exercise_detail_id = 79;

UPDATE workout_exercise_details SET created_at = TIMESTAMPTZ '2022-05-01 08:09:29.062367Z', created_by_id = 1, updated_at = TIMESTAMPTZ '2022-05-01 08:09:29.062367Z', updated_by_id = 1
WHERE workout_exercise_detail_id = 80;

UPDATE workout_exercise_details SET created_at = TIMESTAMPTZ '2022-05-01 08:09:29.062367Z', created_by_id = 1, updated_at = TIMESTAMPTZ '2022-05-01 08:09:29.062367Z', updated_by_id = 1
WHERE workout_exercise_detail_id = 81;

UPDATE workout_exercise_details SET created_at = TIMESTAMPTZ '2022-05-01 08:09:29.062367Z', created_by_id = 1, updated_at = TIMESTAMPTZ '2022-05-01 08:09:29.062367Z', updated_by_id = 1
WHERE workout_exercise_detail_id = 82;

UPDATE workout_exercise_details SET created_at = TIMESTAMPTZ '2022-05-01 08:09:29.062367Z', created_by_id = 1, updated_at = TIMESTAMPTZ '2022-05-01 08:09:29.062367Z', updated_by_id = 1
WHERE workout_exercise_detail_id = 83;

UPDATE workout_exercise_details SET created_at = TIMESTAMPTZ '2022-05-01 08:09:29.062367Z', created_by_id = 1, updated_at = TIMESTAMPTZ '2022-05-01 08:09:29.062367Z', updated_by_id = 1
WHERE workout_exercise_detail_id = 84;

UPDATE workout_exercise_details SET created_at = TIMESTAMPTZ '2022-05-01 08:09:29.062367Z', created_by_id = 1, updated_at = TIMESTAMPTZ '2022-05-01 08:09:29.062367Z', updated_by_id = 1
WHERE workout_exercise_detail_id = 85;

UPDATE workout_exercise_details SET created_at = TIMESTAMPTZ '2022-05-01 08:09:29.062367Z', created_by_id = 1, updated_at = TIMESTAMPTZ '2022-05-01 08:09:29.062367Z', updated_by_id = 1
WHERE workout_exercise_detail_id = 86;

UPDATE workout_exercise_details SET created_at = TIMESTAMPTZ '2022-05-01 08:09:29.062367Z', created_by_id = 1, updated_at = TIMESTAMPTZ '2022-05-01 08:09:29.062367Z', updated_by_id = 1
WHERE workout_exercise_detail_id = 87;

UPDATE workout_exercise_details SET created_at = TIMESTAMPTZ '2022-05-01 08:09:29.062367Z', created_by_id = 1, updated_at = TIMESTAMPTZ '2022-05-01 08:09:29.062367Z', updated_by_id = 1
WHERE workout_exercise_detail_id = 88;

UPDATE workout_exercise_details SET created_at = TIMESTAMPTZ '2022-05-01 08:09:29.062367Z', created_by_id = 1, updated_at = TIMESTAMPTZ '2022-05-01 08:09:29.062367Z', updated_by_id = 1
WHERE workout_exercise_detail_id = 89;

UPDATE workout_exercise_details SET created_at = TIMESTAMPTZ '2022-05-01 08:09:29.062367Z', created_by_id = 1, updated_at = TIMESTAMPTZ '2022-05-01 08:09:29.062367Z', updated_by_id = 1
WHERE workout_exercise_detail_id = 90;

UPDATE workout_exercise_details SET created_at = TIMESTAMPTZ '2022-05-01 08:09:29.062367Z', created_by_id = 1, updated_at = TIMESTAMPTZ '2022-05-01 08:09:29.062367Z', updated_by_id = 1
WHERE workout_exercise_detail_id = 91;

UPDATE workout_exercise_details SET created_at = TIMESTAMPTZ '2022-05-01 08:09:29.062367Z', created_by_id = 1, updated_at = TIMESTAMPTZ '2022-05-01 08:09:29.062367Z', updated_by_id = 1
WHERE workout_exercise_detail_id = 92;

UPDATE workout_exercise_details SET created_at = TIMESTAMPTZ '2022-05-01 08:09:29.062367Z', created_by_id = 1, updated_at = TIMESTAMPTZ '2022-05-01 08:09:29.062367Z', updated_by_id = 1
WHERE workout_exercise_detail_id = 93;

UPDATE workout_exercise_details SET created_at = TIMESTAMPTZ '2022-05-01 08:09:29.062367Z', created_by_id = 1, updated_at = TIMESTAMPTZ '2022-05-01 08:09:29.062367Z', updated_by_id = 1
WHERE workout_exercise_detail_id = 94;

UPDATE workout_exercise_details SET created_at = TIMESTAMPTZ '2022-05-01 08:09:29.062367Z', created_by_id = 1, updated_at = TIMESTAMPTZ '2022-05-01 08:09:29.062367Z', updated_by_id = 1
WHERE workout_exercise_detail_id = 95;

UPDATE workout_exercises SET created_at = TIMESTAMPTZ '2022-05-01 08:09:29.062367Z', updated_at = TIMESTAMPTZ '2022-05-01 08:09:29.062367Z'
WHERE workout_exercise_id = 16;

UPDATE workout_exercises SET created_at = TIMESTAMPTZ '2022-05-01 08:09:29.062367Z', updated_at = TIMESTAMPTZ '2022-05-01 08:09:29.062367Z'
WHERE workout_exercise_id = 17;

UPDATE workout_exercises SET created_at = TIMESTAMPTZ '2022-05-01 08:09:29.062367Z', updated_at = TIMESTAMPTZ '2022-05-01 08:09:29.062367Z'
WHERE workout_exercise_id = 18;

UPDATE workout_exercises SET created_at = TIMESTAMPTZ '2022-05-01 08:09:29.062367Z', updated_at = TIMESTAMPTZ '2022-05-01 08:09:29.062367Z'
WHERE workout_exercise_id = 19;

UPDATE workout_exercises SET created_at = TIMESTAMPTZ '2022-05-01 08:09:29.062367Z', updated_at = TIMESTAMPTZ '2022-05-01 08:09:29.062367Z'
WHERE workout_exercise_id = 20;

UPDATE workout_exercises SET created_at = TIMESTAMPTZ '2022-05-01 08:09:29.062367Z', updated_at = TIMESTAMPTZ '2022-05-01 08:09:29.062367Z'
WHERE workout_exercise_id = 21;

UPDATE workout_exercises SET created_at = TIMESTAMPTZ '2022-05-01 08:09:29.062367Z', updated_at = TIMESTAMPTZ '2022-05-01 08:09:29.062367Z'
WHERE workout_exercise_id = 22;

UPDATE workout_exercises SET created_at = TIMESTAMPTZ '2022-05-01 08:09:29.062367Z', updated_at = TIMESTAMPTZ '2022-05-01 08:09:29.062367Z'
WHERE workout_exercise_id = 23;

UPDATE workout_exercises SET created_at = TIMESTAMPTZ '2022-05-01 08:09:29.062367Z', updated_at = TIMESTAMPTZ '2022-05-01 08:09:29.062367Z'
WHERE workout_exercise_id = 24;

UPDATE workout_exercises SET created_at = TIMESTAMPTZ '2022-05-01 08:09:29.062367Z', updated_at = TIMESTAMPTZ '2022-05-01 08:09:29.062367Z'
WHERE workout_exercise_id = 25;

UPDATE workout_exercises SET created_at = TIMESTAMPTZ '2022-05-01 08:09:29.062367Z', updated_at = TIMESTAMPTZ '2022-05-01 08:09:29.062367Z'
WHERE workout_exercise_id = 26;

UPDATE workout_exercises SET created_at = TIMESTAMPTZ '2022-05-01 08:09:29.062367Z', updated_at = TIMESTAMPTZ '2022-05-01 08:09:29.062367Z'
WHERE workout_exercise_id = 27;

UPDATE workout_exercises SET created_at = TIMESTAMPTZ '2022-05-01 08:09:29.062367Z', updated_at = TIMESTAMPTZ '2022-05-01 08:09:29.062367Z'
WHERE workout_exercise_id = 28;

UPDATE workout_exercises SET created_at = TIMESTAMPTZ '2022-05-01 08:09:29.062367Z', updated_at = TIMESTAMPTZ '2022-05-01 08:09:29.062367Z'
WHERE workout_exercise_id = 29;

UPDATE workout_exercises SET created_at = TIMESTAMPTZ '2022-05-01 08:09:29.062367Z', updated_at = TIMESTAMPTZ '2022-05-01 08:09:29.062367Z'
WHERE workout_exercise_id = 30;

UPDATE workout_exercises SET created_at = TIMESTAMPTZ '2022-05-01 08:09:29.062367Z', updated_at = TIMESTAMPTZ '2022-05-01 08:09:29.062367Z'
WHERE workout_exercise_id = 31;

UPDATE workout_exercises SET created_at = TIMESTAMPTZ '2022-05-01 08:09:29.062367Z', updated_at = TIMESTAMPTZ '2022-05-01 08:09:29.062367Z'
WHERE workout_exercise_id = 32;

UPDATE workout_exercises SET created_at = TIMESTAMPTZ '2022-05-01 08:09:29.062367Z', updated_at = TIMESTAMPTZ '2022-05-01 08:09:29.062367Z'
WHERE workout_exercise_id = 33;

UPDATE workout_exercises SET created_at = TIMESTAMPTZ '2022-05-01 08:09:29.062367Z', updated_at = TIMESTAMPTZ '2022-05-01 08:09:29.062367Z'
WHERE workout_exercise_id = 34;

UPDATE workout_exercises SET created_at = TIMESTAMPTZ '2022-05-01 08:09:29.062367Z', updated_at = TIMESTAMPTZ '2022-05-01 08:09:29.062367Z'
WHERE workout_exercise_id = 35;

UPDATE workouts SET created_at = TIMESTAMPTZ '2022-05-01 08:09:29.062367Z', updated_at = TIMESTAMPTZ '2022-05-01 08:09:29.062367Z'
WHERE workout_id = 8;

UPDATE workouts SET created_at = TIMESTAMPTZ '2022-05-01 08:09:29.062367Z', updated_at = TIMESTAMPTZ '2022-05-01 08:09:29.062367Z'
WHERE workout_id = 10;

UPDATE workouts SET created_at = TIMESTAMPTZ '2022-05-01 08:09:29.062367Z', updated_at = TIMESTAMPTZ '2022-05-01 08:09:29.062367Z'
WHERE workout_id = 12;

UPDATE workouts SET created_at = TIMESTAMPTZ '2022-05-01 08:09:29.062367Z', updated_at = TIMESTAMPTZ '2022-05-01 08:09:29.062367Z'
WHERE workout_id = 14;

INSERT INTO "__EFMigrationsHistory" (migration_id, product_version)
VALUES ('20220501080929_AddIncrementFrequenciesCreatedUpdatedBySeedData', '6.0.4');

COMMIT;

START TRANSACTION;

ALTER TABLE users ADD current_program_cycle integer NULL;

UPDATE increment_frequencies SET created_at = TIMESTAMPTZ '2022-05-09 00:45:18.951757Z', updated_at = TIMESTAMPTZ '2022-05-09 00:45:18.951757Z'
WHERE increment_frequency_id = 2;

UPDATE increment_frequencies SET created_at = TIMESTAMPTZ '2022-05-09 00:45:18.951757Z', updated_at = TIMESTAMPTZ '2022-05-09 00:45:18.951757Z'
WHERE increment_frequency_id = 3;

UPDATE increment_frequencies SET created_at = TIMESTAMPTZ '2022-05-09 00:45:18.951757Z', updated_at = TIMESTAMPTZ '2022-05-09 00:45:18.951757Z'
WHERE increment_frequency_id = 4;

UPDATE increment_frequencies SET created_at = TIMESTAMPTZ '2022-05-09 00:45:18.951757Z', updated_at = TIMESTAMPTZ '2022-05-09 00:45:18.951757Z'
WHERE increment_frequency_id = 5;

UPDATE increment_frequencies SET created_at = TIMESTAMPTZ '2022-05-09 00:45:18.951757Z', updated_at = TIMESTAMPTZ '2022-05-09 00:45:18.951757Z'
WHERE increment_frequency_id = 6;

UPDATE program_details SET created_at = TIMESTAMPTZ '2022-05-09 00:45:18.951757Z', updated_at = TIMESTAMPTZ '2022-05-09 00:45:18.951757Z'
WHERE program_detail_id = 9;

UPDATE program_details SET created_at = TIMESTAMPTZ '2022-05-09 00:45:18.951757Z', updated_at = TIMESTAMPTZ '2022-05-09 00:45:18.951757Z'
WHERE program_detail_id = 11;

UPDATE program_details SET created_at = TIMESTAMPTZ '2022-05-09 00:45:18.951757Z', updated_at = TIMESTAMPTZ '2022-05-09 00:45:18.951757Z'
WHERE program_detail_id = 13;

UPDATE program_details SET created_at = TIMESTAMPTZ '2022-05-09 00:45:18.951757Z', updated_at = TIMESTAMPTZ '2022-05-09 00:45:18.951757Z'
WHERE program_detail_id = 15;

UPDATE programs SET created_at = TIMESTAMPTZ '2022-05-09 00:45:18.951757Z', updated_at = TIMESTAMPTZ '2022-05-09 00:45:18.951757Z'
WHERE program_id = 7;

UPDATE users SET created_at = TIMESTAMPTZ '2022-05-09 00:45:18.951757Z', updated_at = TIMESTAMPTZ '2022-05-09 00:45:18.951757Z', uuid = '05c68409-a38b-488f-a493-285093b05ca8'
WHERE user_id = 1;

UPDATE workout_exercise_details SET created_at = TIMESTAMPTZ '2022-05-09 00:45:18.951757Z', updated_at = TIMESTAMPTZ '2022-05-09 00:45:18.951757Z'
WHERE workout_exercise_detail_id = 36;

UPDATE workout_exercise_details SET created_at = TIMESTAMPTZ '2022-05-09 00:45:18.951757Z', updated_at = TIMESTAMPTZ '2022-05-09 00:45:18.951757Z'
WHERE workout_exercise_detail_id = 37;

UPDATE workout_exercise_details SET created_at = TIMESTAMPTZ '2022-05-09 00:45:18.951757Z', updated_at = TIMESTAMPTZ '2022-05-09 00:45:18.951757Z'
WHERE workout_exercise_detail_id = 38;

UPDATE workout_exercise_details SET created_at = TIMESTAMPTZ '2022-05-09 00:45:18.951757Z', updated_at = TIMESTAMPTZ '2022-05-09 00:45:18.951757Z'
WHERE workout_exercise_detail_id = 39;

UPDATE workout_exercise_details SET created_at = TIMESTAMPTZ '2022-05-09 00:45:18.951757Z', updated_at = TIMESTAMPTZ '2022-05-09 00:45:18.951757Z'
WHERE workout_exercise_detail_id = 40;

UPDATE workout_exercise_details SET created_at = TIMESTAMPTZ '2022-05-09 00:45:18.951757Z', updated_at = TIMESTAMPTZ '2022-05-09 00:45:18.951757Z'
WHERE workout_exercise_detail_id = 41;

UPDATE workout_exercise_details SET created_at = TIMESTAMPTZ '2022-05-09 00:45:18.951757Z', updated_at = TIMESTAMPTZ '2022-05-09 00:45:18.951757Z'
WHERE workout_exercise_detail_id = 42;

UPDATE workout_exercise_details SET created_at = TIMESTAMPTZ '2022-05-09 00:45:18.951757Z', updated_at = TIMESTAMPTZ '2022-05-09 00:45:18.951757Z'
WHERE workout_exercise_detail_id = 43;

UPDATE workout_exercise_details SET created_at = TIMESTAMPTZ '2022-05-09 00:45:18.951757Z', updated_at = TIMESTAMPTZ '2022-05-09 00:45:18.951757Z'
WHERE workout_exercise_detail_id = 44;

UPDATE workout_exercise_details SET created_at = TIMESTAMPTZ '2022-05-09 00:45:18.951757Z', updated_at = TIMESTAMPTZ '2022-05-09 00:45:18.951757Z'
WHERE workout_exercise_detail_id = 45;

UPDATE workout_exercise_details SET created_at = TIMESTAMPTZ '2022-05-09 00:45:18.951757Z', updated_at = TIMESTAMPTZ '2022-05-09 00:45:18.951757Z'
WHERE workout_exercise_detail_id = 46;

UPDATE workout_exercise_details SET created_at = TIMESTAMPTZ '2022-05-09 00:45:18.951757Z', updated_at = TIMESTAMPTZ '2022-05-09 00:45:18.951757Z'
WHERE workout_exercise_detail_id = 47;

UPDATE workout_exercise_details SET created_at = TIMESTAMPTZ '2022-05-09 00:45:18.951757Z', updated_at = TIMESTAMPTZ '2022-05-09 00:45:18.951757Z'
WHERE workout_exercise_detail_id = 48;

UPDATE workout_exercise_details SET created_at = TIMESTAMPTZ '2022-05-09 00:45:18.951757Z', updated_at = TIMESTAMPTZ '2022-05-09 00:45:18.951757Z'
WHERE workout_exercise_detail_id = 49;

UPDATE workout_exercise_details SET created_at = TIMESTAMPTZ '2022-05-09 00:45:18.951757Z', updated_at = TIMESTAMPTZ '2022-05-09 00:45:18.951757Z'
WHERE workout_exercise_detail_id = 50;

UPDATE workout_exercise_details SET created_at = TIMESTAMPTZ '2022-05-09 00:45:18.951757Z', updated_at = TIMESTAMPTZ '2022-05-09 00:45:18.951757Z'
WHERE workout_exercise_detail_id = 51;

UPDATE workout_exercise_details SET created_at = TIMESTAMPTZ '2022-05-09 00:45:18.951757Z', updated_at = TIMESTAMPTZ '2022-05-09 00:45:18.951757Z'
WHERE workout_exercise_detail_id = 52;

UPDATE workout_exercise_details SET created_at = TIMESTAMPTZ '2022-05-09 00:45:18.951757Z', updated_at = TIMESTAMPTZ '2022-05-09 00:45:18.951757Z'
WHERE workout_exercise_detail_id = 53;

UPDATE workout_exercise_details SET created_at = TIMESTAMPTZ '2022-05-09 00:45:18.951757Z', updated_at = TIMESTAMPTZ '2022-05-09 00:45:18.951757Z'
WHERE workout_exercise_detail_id = 54;

UPDATE workout_exercise_details SET created_at = TIMESTAMPTZ '2022-05-09 00:45:18.951757Z', updated_at = TIMESTAMPTZ '2022-05-09 00:45:18.951757Z'
WHERE workout_exercise_detail_id = 55;

UPDATE workout_exercise_details SET created_at = TIMESTAMPTZ '2022-05-09 00:45:18.951757Z', updated_at = TIMESTAMPTZ '2022-05-09 00:45:18.951757Z'
WHERE workout_exercise_detail_id = 56;

UPDATE workout_exercise_details SET created_at = TIMESTAMPTZ '2022-05-09 00:45:18.951757Z', updated_at = TIMESTAMPTZ '2022-05-09 00:45:18.951757Z'
WHERE workout_exercise_detail_id = 57;

UPDATE workout_exercise_details SET created_at = TIMESTAMPTZ '2022-05-09 00:45:18.951757Z', updated_at = TIMESTAMPTZ '2022-05-09 00:45:18.951757Z'
WHERE workout_exercise_detail_id = 58;

UPDATE workout_exercise_details SET created_at = TIMESTAMPTZ '2022-05-09 00:45:18.951757Z', updated_at = TIMESTAMPTZ '2022-05-09 00:45:18.951757Z'
WHERE workout_exercise_detail_id = 59;

UPDATE workout_exercise_details SET created_at = TIMESTAMPTZ '2022-05-09 00:45:18.951757Z', updated_at = TIMESTAMPTZ '2022-05-09 00:45:18.951757Z'
WHERE workout_exercise_detail_id = 60;

UPDATE workout_exercise_details SET created_at = TIMESTAMPTZ '2022-05-09 00:45:18.951757Z', updated_at = TIMESTAMPTZ '2022-05-09 00:45:18.951757Z'
WHERE workout_exercise_detail_id = 61;

UPDATE workout_exercise_details SET created_at = TIMESTAMPTZ '2022-05-09 00:45:18.951757Z', updated_at = TIMESTAMPTZ '2022-05-09 00:45:18.951757Z'
WHERE workout_exercise_detail_id = 62;

UPDATE workout_exercise_details SET created_at = TIMESTAMPTZ '2022-05-09 00:45:18.951757Z', updated_at = TIMESTAMPTZ '2022-05-09 00:45:18.951757Z'
WHERE workout_exercise_detail_id = 63;

UPDATE workout_exercise_details SET created_at = TIMESTAMPTZ '2022-05-09 00:45:18.951757Z', updated_at = TIMESTAMPTZ '2022-05-09 00:45:18.951757Z'
WHERE workout_exercise_detail_id = 64;

UPDATE workout_exercise_details SET created_at = TIMESTAMPTZ '2022-05-09 00:45:18.951757Z', updated_at = TIMESTAMPTZ '2022-05-09 00:45:18.951757Z'
WHERE workout_exercise_detail_id = 65;

UPDATE workout_exercise_details SET created_at = TIMESTAMPTZ '2022-05-09 00:45:18.951757Z', updated_at = TIMESTAMPTZ '2022-05-09 00:45:18.951757Z'
WHERE workout_exercise_detail_id = 66;

UPDATE workout_exercise_details SET created_at = TIMESTAMPTZ '2022-05-09 00:45:18.951757Z', updated_at = TIMESTAMPTZ '2022-05-09 00:45:18.951757Z'
WHERE workout_exercise_detail_id = 67;

UPDATE workout_exercise_details SET created_at = TIMESTAMPTZ '2022-05-09 00:45:18.951757Z', updated_at = TIMESTAMPTZ '2022-05-09 00:45:18.951757Z'
WHERE workout_exercise_detail_id = 68;

UPDATE workout_exercise_details SET created_at = TIMESTAMPTZ '2022-05-09 00:45:18.951757Z', updated_at = TIMESTAMPTZ '2022-05-09 00:45:18.951757Z'
WHERE workout_exercise_detail_id = 69;

UPDATE workout_exercise_details SET created_at = TIMESTAMPTZ '2022-05-09 00:45:18.951757Z', updated_at = TIMESTAMPTZ '2022-05-09 00:45:18.951757Z'
WHERE workout_exercise_detail_id = 70;

UPDATE workout_exercise_details SET created_at = TIMESTAMPTZ '2022-05-09 00:45:18.951757Z', updated_at = TIMESTAMPTZ '2022-05-09 00:45:18.951757Z'
WHERE workout_exercise_detail_id = 71;

UPDATE workout_exercise_details SET created_at = TIMESTAMPTZ '2022-05-09 00:45:18.951757Z', updated_at = TIMESTAMPTZ '2022-05-09 00:45:18.951757Z'
WHERE workout_exercise_detail_id = 72;

UPDATE workout_exercise_details SET created_at = TIMESTAMPTZ '2022-05-09 00:45:18.951757Z', updated_at = TIMESTAMPTZ '2022-05-09 00:45:18.951757Z'
WHERE workout_exercise_detail_id = 73;

UPDATE workout_exercise_details SET created_at = TIMESTAMPTZ '2022-05-09 00:45:18.951757Z', updated_at = TIMESTAMPTZ '2022-05-09 00:45:18.951757Z'
WHERE workout_exercise_detail_id = 74;

UPDATE workout_exercise_details SET created_at = TIMESTAMPTZ '2022-05-09 00:45:18.951757Z', updated_at = TIMESTAMPTZ '2022-05-09 00:45:18.951757Z'
WHERE workout_exercise_detail_id = 75;

UPDATE workout_exercise_details SET created_at = TIMESTAMPTZ '2022-05-09 00:45:18.951757Z', updated_at = TIMESTAMPTZ '2022-05-09 00:45:18.951757Z'
WHERE workout_exercise_detail_id = 76;

UPDATE workout_exercise_details SET created_at = TIMESTAMPTZ '2022-05-09 00:45:18.951757Z', updated_at = TIMESTAMPTZ '2022-05-09 00:45:18.951757Z'
WHERE workout_exercise_detail_id = 77;

UPDATE workout_exercise_details SET created_at = TIMESTAMPTZ '2022-05-09 00:45:18.951757Z', updated_at = TIMESTAMPTZ '2022-05-09 00:45:18.951757Z'
WHERE workout_exercise_detail_id = 78;

UPDATE workout_exercise_details SET created_at = TIMESTAMPTZ '2022-05-09 00:45:18.951757Z', updated_at = TIMESTAMPTZ '2022-05-09 00:45:18.951757Z'
WHERE workout_exercise_detail_id = 79;

UPDATE workout_exercise_details SET created_at = TIMESTAMPTZ '2022-05-09 00:45:18.951757Z', updated_at = TIMESTAMPTZ '2022-05-09 00:45:18.951757Z'
WHERE workout_exercise_detail_id = 80;

UPDATE workout_exercise_details SET created_at = TIMESTAMPTZ '2022-05-09 00:45:18.951757Z', updated_at = TIMESTAMPTZ '2022-05-09 00:45:18.951757Z'
WHERE workout_exercise_detail_id = 81;

UPDATE workout_exercise_details SET created_at = TIMESTAMPTZ '2022-05-09 00:45:18.951757Z', updated_at = TIMESTAMPTZ '2022-05-09 00:45:18.951757Z'
WHERE workout_exercise_detail_id = 82;

UPDATE workout_exercise_details SET created_at = TIMESTAMPTZ '2022-05-09 00:45:18.951757Z', updated_at = TIMESTAMPTZ '2022-05-09 00:45:18.951757Z'
WHERE workout_exercise_detail_id = 83;

UPDATE workout_exercise_details SET created_at = TIMESTAMPTZ '2022-05-09 00:45:18.951757Z', updated_at = TIMESTAMPTZ '2022-05-09 00:45:18.951757Z'
WHERE workout_exercise_detail_id = 84;

UPDATE workout_exercise_details SET created_at = TIMESTAMPTZ '2022-05-09 00:45:18.951757Z', updated_at = TIMESTAMPTZ '2022-05-09 00:45:18.951757Z'
WHERE workout_exercise_detail_id = 85;

UPDATE workout_exercise_details SET created_at = TIMESTAMPTZ '2022-05-09 00:45:18.951757Z', updated_at = TIMESTAMPTZ '2022-05-09 00:45:18.951757Z'
WHERE workout_exercise_detail_id = 86;

UPDATE workout_exercise_details SET created_at = TIMESTAMPTZ '2022-05-09 00:45:18.951757Z', updated_at = TIMESTAMPTZ '2022-05-09 00:45:18.951757Z'
WHERE workout_exercise_detail_id = 87;

UPDATE workout_exercise_details SET created_at = TIMESTAMPTZ '2022-05-09 00:45:18.951757Z', updated_at = TIMESTAMPTZ '2022-05-09 00:45:18.951757Z'
WHERE workout_exercise_detail_id = 88;

UPDATE workout_exercise_details SET created_at = TIMESTAMPTZ '2022-05-09 00:45:18.951757Z', updated_at = TIMESTAMPTZ '2022-05-09 00:45:18.951757Z'
WHERE workout_exercise_detail_id = 89;

UPDATE workout_exercise_details SET created_at = TIMESTAMPTZ '2022-05-09 00:45:18.951757Z', updated_at = TIMESTAMPTZ '2022-05-09 00:45:18.951757Z'
WHERE workout_exercise_detail_id = 90;

UPDATE workout_exercise_details SET created_at = TIMESTAMPTZ '2022-05-09 00:45:18.951757Z', updated_at = TIMESTAMPTZ '2022-05-09 00:45:18.951757Z'
WHERE workout_exercise_detail_id = 91;

UPDATE workout_exercise_details SET created_at = TIMESTAMPTZ '2022-05-09 00:45:18.951757Z', updated_at = TIMESTAMPTZ '2022-05-09 00:45:18.951757Z'
WHERE workout_exercise_detail_id = 92;

UPDATE workout_exercise_details SET created_at = TIMESTAMPTZ '2022-05-09 00:45:18.951757Z', updated_at = TIMESTAMPTZ '2022-05-09 00:45:18.951757Z'
WHERE workout_exercise_detail_id = 93;

UPDATE workout_exercise_details SET created_at = TIMESTAMPTZ '2022-05-09 00:45:18.951757Z', updated_at = TIMESTAMPTZ '2022-05-09 00:45:18.951757Z'
WHERE workout_exercise_detail_id = 94;

UPDATE workout_exercise_details SET created_at = TIMESTAMPTZ '2022-05-09 00:45:18.951757Z', updated_at = TIMESTAMPTZ '2022-05-09 00:45:18.951757Z'
WHERE workout_exercise_detail_id = 95;

UPDATE workout_exercises SET created_at = TIMESTAMPTZ '2022-05-09 00:45:18.951757Z', updated_at = TIMESTAMPTZ '2022-05-09 00:45:18.951757Z'
WHERE workout_exercise_id = 16;

UPDATE workout_exercises SET created_at = TIMESTAMPTZ '2022-05-09 00:45:18.951757Z', updated_at = TIMESTAMPTZ '2022-05-09 00:45:18.951757Z'
WHERE workout_exercise_id = 17;

UPDATE workout_exercises SET created_at = TIMESTAMPTZ '2022-05-09 00:45:18.951757Z', updated_at = TIMESTAMPTZ '2022-05-09 00:45:18.951757Z'
WHERE workout_exercise_id = 18;

UPDATE workout_exercises SET created_at = TIMESTAMPTZ '2022-05-09 00:45:18.951757Z', updated_at = TIMESTAMPTZ '2022-05-09 00:45:18.951757Z'
WHERE workout_exercise_id = 19;

UPDATE workout_exercises SET created_at = TIMESTAMPTZ '2022-05-09 00:45:18.951757Z', updated_at = TIMESTAMPTZ '2022-05-09 00:45:18.951757Z'
WHERE workout_exercise_id = 20;

UPDATE workout_exercises SET created_at = TIMESTAMPTZ '2022-05-09 00:45:18.951757Z', updated_at = TIMESTAMPTZ '2022-05-09 00:45:18.951757Z'
WHERE workout_exercise_id = 21;

UPDATE workout_exercises SET created_at = TIMESTAMPTZ '2022-05-09 00:45:18.951757Z', updated_at = TIMESTAMPTZ '2022-05-09 00:45:18.951757Z'
WHERE workout_exercise_id = 22;

UPDATE workout_exercises SET created_at = TIMESTAMPTZ '2022-05-09 00:45:18.951757Z', updated_at = TIMESTAMPTZ '2022-05-09 00:45:18.951757Z'
WHERE workout_exercise_id = 23;

UPDATE workout_exercises SET created_at = TIMESTAMPTZ '2022-05-09 00:45:18.951757Z', updated_at = TIMESTAMPTZ '2022-05-09 00:45:18.951757Z'
WHERE workout_exercise_id = 24;

UPDATE workout_exercises SET created_at = TIMESTAMPTZ '2022-05-09 00:45:18.951757Z', updated_at = TIMESTAMPTZ '2022-05-09 00:45:18.951757Z'
WHERE workout_exercise_id = 25;

UPDATE workout_exercises SET created_at = TIMESTAMPTZ '2022-05-09 00:45:18.951757Z', updated_at = TIMESTAMPTZ '2022-05-09 00:45:18.951757Z'
WHERE workout_exercise_id = 26;

UPDATE workout_exercises SET created_at = TIMESTAMPTZ '2022-05-09 00:45:18.951757Z', updated_at = TIMESTAMPTZ '2022-05-09 00:45:18.951757Z'
WHERE workout_exercise_id = 27;

UPDATE workout_exercises SET created_at = TIMESTAMPTZ '2022-05-09 00:45:18.951757Z', updated_at = TIMESTAMPTZ '2022-05-09 00:45:18.951757Z'
WHERE workout_exercise_id = 28;

UPDATE workout_exercises SET created_at = TIMESTAMPTZ '2022-05-09 00:45:18.951757Z', updated_at = TIMESTAMPTZ '2022-05-09 00:45:18.951757Z'
WHERE workout_exercise_id = 29;

UPDATE workout_exercises SET created_at = TIMESTAMPTZ '2022-05-09 00:45:18.951757Z', updated_at = TIMESTAMPTZ '2022-05-09 00:45:18.951757Z'
WHERE workout_exercise_id = 30;

UPDATE workout_exercises SET created_at = TIMESTAMPTZ '2022-05-09 00:45:18.951757Z', updated_at = TIMESTAMPTZ '2022-05-09 00:45:18.951757Z'
WHERE workout_exercise_id = 31;

UPDATE workout_exercises SET created_at = TIMESTAMPTZ '2022-05-09 00:45:18.951757Z', updated_at = TIMESTAMPTZ '2022-05-09 00:45:18.951757Z'
WHERE workout_exercise_id = 32;

UPDATE workout_exercises SET created_at = TIMESTAMPTZ '2022-05-09 00:45:18.951757Z', updated_at = TIMESTAMPTZ '2022-05-09 00:45:18.951757Z'
WHERE workout_exercise_id = 33;

UPDATE workout_exercises SET created_at = TIMESTAMPTZ '2022-05-09 00:45:18.951757Z', updated_at = TIMESTAMPTZ '2022-05-09 00:45:18.951757Z'
WHERE workout_exercise_id = 34;

UPDATE workout_exercises SET created_at = TIMESTAMPTZ '2022-05-09 00:45:18.951757Z', updated_at = TIMESTAMPTZ '2022-05-09 00:45:18.951757Z'
WHERE workout_exercise_id = 35;

UPDATE workouts SET created_at = TIMESTAMPTZ '2022-05-09 00:45:18.951757Z', updated_at = TIMESTAMPTZ '2022-05-09 00:45:18.951757Z'
WHERE workout_id = 8;

UPDATE workouts SET created_at = TIMESTAMPTZ '2022-05-09 00:45:18.951757Z', updated_at = TIMESTAMPTZ '2022-05-09 00:45:18.951757Z'
WHERE workout_id = 10;

UPDATE workouts SET created_at = TIMESTAMPTZ '2022-05-09 00:45:18.951757Z', updated_at = TIMESTAMPTZ '2022-05-09 00:45:18.951757Z'
WHERE workout_id = 12;

UPDATE workouts SET created_at = TIMESTAMPTZ '2022-05-09 00:45:18.951757Z', updated_at = TIMESTAMPTZ '2022-05-09 00:45:18.951757Z'
WHERE workout_id = 14;

INSERT INTO "__EFMigrationsHistory" (migration_id, product_version)
VALUES ('20220509004519_AddedUserCurrentProgramCycle', '6.0.4');

COMMIT;

